dataset,budget,split_seed,layout_type,layout_label,validation_selected_mae,heldout_mae,posterior_trace
PeMS7_1026,0.1,25,best_random_by_validation,Best random,3.846665604476656,3.882551392209773,1324.485040969453
PeMS7_1026,0.1,25,trace_biopt,TRACE-BiOpt,3.765348209822864,3.730157301197529,1172.874355307778
PeMS7_1026,0.1,25,multistart_swap_by_validation,Multistart swap,3.753750878983253,3.796562660104592,1209.6584655161723
PeMS7_1026,0.1,25,rcss_selected,RCSS,3.8822560695923,3.796562660104592,1209.6584655161723
PeMS7_1026,0.1,25,validation_swap_selected,Prev. TRACE-SL,3.7229975038252583,3.8019406089963206,1229.0554880732066
PeMS7_1026,0.2,25,best_random_by_validation,Best random,3.545964173353604,3.641967838888738,1040.453786072694
PeMS7_1026,0.2,25,trace_biopt,TRACE-BiOpt,3.3869835513609443,3.3565798179313715,835.1616691881854
PeMS7_1026,0.2,25,multistart_swap_by_validation,Multistart swap,3.4409359140024893,3.470091312535913,943.484973746587
PeMS7_1026,0.2,25,rcss_selected,RCSS,3.5659770674382782,3.3768373491219936,823.7561389259685
PeMS7_1026,0.2,25,validation_swap_selected,Prev. TRACE-SL,3.4045791179497247,3.381138819314028,829.3042043813267
PeMS7_1026,0.3,25,best_random_by_validation,Best random,3.2995087039628297,3.327226748326902,817.2864913695348
PeMS7_1026,0.3,25,trace_biopt,TRACE-BiOpt,3.1240884652790597,3.1060981131491783,660.7439194189055
PeMS7_1026,0.3,25,multistart_swap_by_validation,Multistart swap,3.2367497672714176,3.233834643941744,756.1871398945473
PeMS7_1026,0.3,25,rcss_selected,RCSS,3.2506817706840927,3.1286781678436912,654.018866617898
PeMS7_1026,0.3,25,validation_swap_selected,Prev. TRACE-SL,3.1038464124902645,3.1235225773819058,658.8018028621104
PeMS7_1026,0.1,26,best_random_by_validation,Best random,3.938706681665812,4.055012768533103,1337.9154261921208
PeMS7_1026,0.1,26,trace_biopt,TRACE-BiOpt,3.811889909431984,3.8348950857337742,1171.6059278474786
PeMS7_1026,0.1,26,multistart_swap_by_validation,Multistart swap,3.826030120484177,3.8520788163214976,1218.122414194014
PeMS7_1026,0.1,26,rcss_selected,RCSS,3.514091870313972,3.8520788163214976,1218.122414194014
PeMS7_1026,0.1,26,validation_swap_selected,Prev. TRACE-SL,3.7886808335257567,3.835129715762649,1236.5493287710003
PeMS7_1026,0.2,26,best_random_by_validation,Best random,3.62255967447245,3.689087691250247,1027.2771247602277
PeMS7_1026,0.2,26,trace_biopt,TRACE-BiOpt,3.410713685788213,3.426073949052642,836.4252249317079
PeMS7_1026,0.2,26,multistart_swap_by_validation,Multistart swap,3.513248454747795,3.593098840958433,944.7326394524316
PeMS7_1026,0.2,26,rcss_selected,RCSS,3.209283143166316,3.42790794055285,824.4677176770999
PeMS7_1026,0.2,26,validation_swap_selected,Prev. TRACE-SL,3.4171560402270766,3.434403117224442,831.4887072080592
PeMS7_1026,0.3,26,best_random_by_validation,Best random,3.4284381113656344,3.463426854497475,820.7873687446224
PeMS7_1026,0.3,26,trace_biopt,TRACE-BiOpt,3.1338304110965014,3.15716257654726,660.3597877286034
PeMS7_1026,0.3,26,multistart_swap_by_validation,Multistart swap,3.318318920837928,3.334022670580444,749.5137458428118
PeMS7_1026,0.3,26,rcss_selected,RCSS,2.958505370156728,3.1871329410064364,659.7708383378861
PeMS7_1026,0.3,26,validation_swap_selected,Prev. TRACE-SL,3.1541302397563333,3.168167655238107,660.7226894192225
PeMS7_1026,0.1,27,best_random_by_validation,Best random,3.651695498866313,3.570562113576007,1316.9782585401545
PeMS7_1026,0.1,27,trace_biopt,TRACE-BiOpt,3.503238116085344,3.4493266950655337,1183.711042482113
PeMS7_1026,0.1,27,multistart_swap_by_validation,Multistart swap,3.5593626650850894,3.538479701402601,1230.4563436181306
PeMS7_1026,0.1,27,rcss_selected,RCSS,3.502878110184739,3.538479701402601,1230.4563436181306
PeMS7_1026,0.1,27,validation_swap_selected,Prev. TRACE-SL,3.519709045595281,3.5208100631282773,1249.957753572854
PeMS7_1026,0.2,27,best_random_by_validation,Best random,3.3856173628870843,3.3711243544136797,1032.074971868659
PeMS7_1026,0.2,27,trace_biopt,TRACE-BiOpt,3.1368288318444657,3.075535422634825,843.47889817595
PeMS7_1026,0.2,27,multistart_swap_by_validation,Multistart swap,3.3009328334035706,3.240989181776305,946.1953592793368
PeMS7_1026,0.2,27,rcss_selected,RCSS,3.1836971108639904,3.0891663165283485,829.4178741481516
PeMS7_1026,0.2,27,validation_swap_selected,Prev. TRACE-SL,3.1865407922765208,3.0933118587789363,838.5538576111499
PeMS7_1026,0.3,27,best_random_by_validation,Best random,3.167441121431657,3.151954683446968,816.0737608822858
PeMS7_1026,0.3,27,trace_biopt,TRACE-BiOpt,2.886378462944842,2.8512984405031263,668.026558542912
PeMS7_1026,0.3,27,multistart_swap_by_validation,Multistart swap,3.068290467737796,3.0319861297995585,757.7642810808699
PeMS7_1026,0.3,27,rcss_selected,RCSS,2.8908352095645,2.84429922489418,657.9592739462119
PeMS7_1026,0.3,27,validation_swap_selected,Prev. TRACE-SL,2.8969850505890875,2.8383660198469745,663.1553928428618
PeMS7_1026,0.1,28,best_random_by_validation,Best random,3.975817779557973,3.5384084421686373,1361.3869720578969
PeMS7_1026,0.1,28,trace_biopt,TRACE-BiOpt,3.7702931646333546,3.302523174361104,1170.2452151577695
PeMS7_1026,0.1,28,multistart_swap_by_validation,Multistart swap,3.82454398798757,3.37176464693808,1229.2911082277428
PeMS7_1026,0.1,28,rcss_selected,RCSS,4.077568059574981,3.37176464693808,1229.2911082277428
PeMS7_1026,0.1,28,validation_swap_selected,Prev. TRACE-SL,3.796466289960324,3.36798219246899,1237.1101071957494
PeMS7_1026,0.2,28,best_random_by_validation,Best random,3.65610894263154,3.2661979178728924,1048.169722658346
PeMS7_1026,0.2,28,trace_biopt,TRACE-BiOpt,3.3967611038375907,3.01759083020436,837.7338116665326
PeMS7_1026,0.2,28,multistart_swap_by_validation,Multistart swap,3.533432040675573,3.151156618271412,954.0702307599976
PeMS7_1026,0.2,28,rcss_selected,RCSS,3.6885414196294506,3.0325919091892963,834.4685436254197
PeMS7_1026,0.2,28,validation_swap_selected,Prev. TRACE-SL,3.4449600177304784,3.026727400274641,837.0744218907217
PeMS7_1026,0.3,28,best_random_by_validation,Best random,3.4241074041882222,3.07445748836655,832.6047416914126
PeMS7_1026,0.3,28,trace_biopt,TRACE-BiOpt,3.1423460760526543,2.7938802216701184,666.7372346637139
PeMS7_1026,0.3,28,multistart_swap_by_validation,Multistart swap,3.306790990008317,2.98678123466892,772.8938501237136
PeMS7_1026,0.3,28,rcss_selected,RCSS,3.403367144313885,2.820174430595656,656.1229591353014
PeMS7_1026,0.3,28,validation_swap_selected,Prev. TRACE-SL,3.1359220522280777,2.814508274798981,665.0765567395349
PeMS7_1026,0.1,29,best_random_by_validation,Best random,3.678441061251385,3.826667705974985,1373.6397506393123
PeMS7_1026,0.1,29,trace_biopt,TRACE-BiOpt,3.542858199549357,3.68908615345128,1170.8399243993622
PeMS7_1026,0.1,29,multistart_swap_by_validation,Multistart swap,3.5967600996928097,3.72803301191685,1235.709515338346
PeMS7_1026,0.1,29,rcss_selected,RCSS,3.695620907812291,3.687448113059177,1152.307923604224
PeMS7_1026,0.1,29,validation_swap_selected,Prev. TRACE-SL,3.522316533993964,3.6941749796329337,1169.5166772555335
PeMS7_1026,0.2,29,best_random_by_validation,Best random,3.393647102542365,3.526687846610878,1043.2887700907836
PeMS7_1026,0.2,29,trace_biopt,TRACE-BiOpt,3.186634006780352,3.321884737218385,836.8117078069758
PeMS7_1026,0.2,29,multistart_swap_by_validation,Multistart swap,3.287701935262945,3.432051551463817,952.68565623779
PeMS7_1026,0.2,29,rcss_selected,RCSS,3.274363231907766,3.344118903835192,834.7259342364566
PeMS7_1026,0.2,29,validation_swap_selected,Prev. TRACE-SL,3.2031396024397014,3.3380685281345337,839.1950784669596
PeMS7_1026,0.3,29,best_random_by_validation,Best random,3.1706796901570606,3.29022030350224,820.4976045153505
PeMS7_1026,0.3,29,trace_biopt,TRACE-BiOpt,2.9467815026276774,3.053500741940648,661.6047839141215
PeMS7_1026,0.3,29,multistart_swap_by_validation,Multistart swap,3.0426744306240643,3.1622460587393952,753.3320044841477
PeMS7_1026,0.3,29,rcss_selected,RCSS,3.028280728558252,3.0517131549061967,653.3469695956084
PeMS7_1026,0.3,29,validation_swap_selected,Prev. TRACE-SL,2.9358591527257163,3.0310466563841003,664.0377839426062
PeMS7_1026,0.1,30,best_random_by_validation,Best random,3.463240296796197,3.657291012092875,1341.6807233440445
PeMS7_1026,0.1,30,trace_biopt,TRACE-BiOpt,3.3018975313398085,3.4971695277949326,1178.7114941525697
PeMS7_1026,0.1,30,multistart_swap_by_validation,Multistart swap,3.350160919542858,3.537696309150029,1231.2220543610215
PeMS7_1026,0.1,30,rcss_selected,RCSS,3.320663915850755,3.512020084997768,1175.270359673362
PeMS7_1026,0.1,30,validation_swap_selected,Prev. TRACE-SL,3.312509757068263,3.5025393794910844,1194.584611000852
PeMS7_1026,0.2,30,best_random_by_validation,Best random,3.217462837501488,3.360011025345075,1040.8308343241506
PeMS7_1026,0.2,30,trace_biopt,TRACE-BiOpt,2.964261947083686,3.109102880700835,842.0772875858554
PeMS7_1026,0.2,30,multistart_swap_by_validation,Multistart swap,3.098822013672629,3.24630995484771,945.6832989660307
PeMS7_1026,0.2,30,rcss_selected,RCSS,2.95290516310261,3.160300874480859,828.9547436728031
PeMS7_1026,0.2,30,validation_swap_selected,Prev. TRACE-SL,2.984144065651675,3.1587344458643147,837.6294866702195
PeMS7_1026,0.3,30,best_random_by_validation,Best random,2.9802100494290538,3.096959960556623,814.305985008584
PeMS7_1026,0.3,30,trace_biopt,TRACE-BiOpt,2.769212240850158,2.839035063348965,666.5685135553608
PeMS7_1026,0.3,30,multistart_swap_by_validation,Multistart swap,2.9111245086651487,3.0290925559467388,755.4204068104364
PeMS7_1026,0.3,30,rcss_selected,RCSS,2.725974665400487,2.862022604222633,658.7914138328326
PeMS7_1026,0.3,30,validation_swap_selected,Prev. TRACE-SL,2.756452846670121,2.847273611240186,667.7059660293744
PeMS7_1026,0.1,31,best_random_by_validation,Best random,3.618299650707417,4.351642446513214,1322.3691868412811
PeMS7_1026,0.1,31,trace_biopt,TRACE-BiOpt,3.42194448791278,4.105908276762268,1163.5836619743127
PeMS7_1026,0.1,31,multistart_swap_by_validation,Multistart swap,3.498473188566185,4.124105573980572,1217.3561683281027
PeMS7_1026,0.1,31,rcss_selected,RCSS,3.603606350183807,4.135018165126375,1148.2244605887868
PeMS7_1026,0.1,31,validation_swap_selected,Prev. TRACE-SL,3.459058534004654,4.15395083265974,1170.6380973884748
PeMS7_1026,0.2,31,best_random_by_validation,Best random,3.320808880740161,3.915550771798984,1034.5097588621682
PeMS7_1026,0.2,31,trace_biopt,TRACE-BiOpt,3.0863294706560698,3.640686256817584,833.7451911805974
PeMS7_1026,0.2,31,multistart_swap_by_validation,Multistart swap,3.222957053555888,3.801055261275103,946.6042718158964
PeMS7_1026,0.2,31,rcss_selected,RCSS,3.257353753836138,3.694930148679525,822.0725281859278
PeMS7_1026,0.2,31,validation_swap_selected,Prev. TRACE-SL,3.123481507635162,3.6810988081127536,834.6006342930402
PeMS7_1026,0.3,31,best_random_by_validation,Best random,3.156567279711584,3.7134132095900263,821.6878010114962
PeMS7_1026,0.3,31,trace_biopt,TRACE-BiOpt,2.916605421536516,3.378126772183549,660.1716961059715
PeMS7_1026,0.3,31,multistart_swap_by_validation,Multistart swap,3.067334755507133,3.623548431237077,763.2314590879337
PeMS7_1026,0.3,31,rcss_selected,RCSS,3.0459234438688343,3.4066487667774,652.9639745092177
PeMS7_1026,0.3,31,validation_swap_selected,Prev. TRACE-SL,2.9107220820057247,3.387849393315094,662.1995237186926
PeMS7_1026,0.1,32,best_random_by_validation,Best random,3.732210157139241,3.6533307166999713,1333.9930739800536
PeMS7_1026,0.1,32,trace_biopt,TRACE-BiOpt,3.5490477133981173,3.4175829763025574,1176.5329399404009
PeMS7_1026,0.1,32,multistart_swap_by_validation,Multistart swap,3.597298853715223,3.5396855456892413,1232.243787297386
PeMS7_1026,0.1,32,rcss_selected,RCSS,3.577412877686585,3.470102722221768,1155.6052910946837
PeMS7_1026,0.1,32,validation_swap_selected,Prev. TRACE-SL,3.5684464577955683,3.5478175400508425,1233.935701379167
PeMS7_1026,0.2,32,best_random_by_validation,Best random,3.3960475254417486,3.347762311019982,1003.729959313528
PeMS7_1026,0.2,32,trace_biopt,TRACE-BiOpt,3.1895001070366398,3.070288813666481,838.8832917176874
PeMS7_1026,0.2,32,multistart_swap_by_validation,Multistart swap,3.300376454735465,3.238760367446889,943.0264243066651
PeMS7_1026,0.2,32,rcss_selected,RCSS,3.1827873093013883,3.1146276896326173,827.215337367707
PeMS7_1026,0.2,32,validation_swap_selected,Prev. TRACE-SL,3.2031407075312077,3.118838599170402,839.0282879425738
PeMS7_1026,0.3,32,best_random_by_validation,Best random,3.2027700918120527,3.1880342274938567,851.2863197082739
PeMS7_1026,0.3,32,trace_biopt,TRACE-BiOpt,2.9260818281035896,2.8787369633204984,663.1975407347622
PeMS7_1026,0.3,32,multistart_swap_by_validation,Multistart swap,3.1134081947232617,3.0660812783763736,782.5906252529011
PeMS7_1026,0.3,32,rcss_selected,RCSS,2.893953643317462,2.885174601566848,655.3860360963785
PeMS7_1026,0.3,32,validation_swap_selected,Prev. TRACE-SL,2.9220988656947644,2.870195550650983,664.1746546256572
PeMS7_1026,0.1,33,best_random_by_validation,Best random,3.620437574795653,4.255615499164433,1313.2995337314248
PeMS7_1026,0.1,33,trace_biopt,TRACE-BiOpt,3.5059419756544683,4.064908887024205,1165.130764772471
PeMS7_1026,0.1,33,multistart_swap_by_validation,Multistart swap,3.5708815984274884,4.188763579382603,1227.7525255882592
PeMS7_1026,0.1,33,rcss_selected,RCSS,3.575000262334209,4.042323496684346,1150.2428985237243
PeMS7_1026,0.1,33,validation_swap_selected,Prev. TRACE-SL,3.4965774430861982,4.051290684373806,1166.5999840101802
PeMS7_1026,0.2,33,best_random_by_validation,Best random,3.4062062715671986,3.921062805813351,1012.14416713871
PeMS7_1026,0.2,33,trace_biopt,TRACE-BiOpt,3.1648389705509308,3.628104871171348,834.5866651662748
PeMS7_1026,0.2,33,multistart_swap_by_validation,Multistart swap,3.2786011342556485,3.7646899686057766,950.8798874468354
PeMS7_1026,0.2,33,rcss_selected,RCSS,3.2234557934322003,3.658773431915425,831.6101861791393
PeMS7_1026,0.2,33,validation_swap_selected,Prev. TRACE-SL,3.1845422906453087,3.664806781318344,839.7779289182331
PeMS7_1026,0.3,33,best_random_by_validation,Best random,3.1928933717766457,3.665520108164324,840.6850761627772
PeMS7_1026,0.3,33,trace_biopt,TRACE-BiOpt,2.911826442923532,3.368023984358615,660.8021084667992
PeMS7_1026,0.3,33,multistart_swap_by_validation,Multistart swap,3.0817214593220434,3.5200937419412908,769.5686702919699
PeMS7_1026,0.3,33,rcss_selected,RCSS,2.944531535437311,3.359242997014197,653.3350080024636
PeMS7_1026,0.3,33,validation_swap_selected,Prev. TRACE-SL,2.9172471211762594,3.360968802779578,658.342377359575
PeMS7_1026,0.1,34,best_random_by_validation,Best random,3.985705827029708,4.20063872755132,1345.8651836067793
PeMS7_1026,0.1,34,trace_biopt,TRACE-BiOpt,3.8336820638858193,3.92615645484571,1167.4000603153015
PeMS7_1026,0.1,34,multistart_swap_by_validation,Multistart swap,3.878070739296743,4.008930886006493,1234.5862731429484
PeMS7_1026,0.1,34,rcss_selected,RCSS,3.3501035586914574,3.988419162124128,1150.1746603253432
PeMS7_1026,0.1,34,validation_swap_selected,Prev. TRACE-SL,3.8311694520155353,4.003274965270548,1249.8269743088315
PeMS7_1026,0.2,34,best_random_by_validation,Best random,3.6547365006201127,3.8404111421019262,1023.941772258208
PeMS7_1026,0.2,34,trace_biopt,TRACE-BiOpt,3.409280951223269,3.5794233614175086,835.5088319986382
PeMS7_1026,0.2,34,multistart_swap_by_validation,Multistart swap,3.553428981208715,3.693699489976383,942.1257382762014
PeMS7_1026,0.2,34,rcss_selected,RCSS,2.987080278033914,3.5767133040462515,822.5296911104274
PeMS7_1026,0.2,34,validation_swap_selected,Prev. TRACE-SL,3.411290372678513,3.569544990370414,831.1816779535031
PeMS7_1026,0.3,34,best_random_by_validation,Best random,3.4387406261689986,3.5871008383274816,820.150383638718
PeMS7_1026,0.3,34,trace_biopt,TRACE-BiOpt,3.1400858251954444,3.285030173230033,660.485684178719
PeMS7_1026,0.3,34,multistart_swap_by_validation,Multistart swap,3.310609984690701,3.462616356665027,768.2703711180526
PeMS7_1026,0.3,34,rcss_selected,RCSS,2.7614323076015443,3.3105656331512945,652.3170202776595
PeMS7_1026,0.3,34,validation_swap_selected,Prev. TRACE-SL,3.1455816983243183,3.2985480493536654,658.65332658186
Seattle,0.1,25,best_random_by_validation,Best random,3.3746284272099856,3.0769188693597678,514.5008272564886
Seattle,0.1,25,trace_biopt,TRACE-BiOpt,3.2783131524511195,2.9388026894381643,479.586778643578
Seattle,0.1,25,multistart_swap_by_validation,Multistart swap,3.3142121774176267,3.004917435338449,448.3509756925638
Seattle,0.1,25,rcss_selected,RCSS,3.395877115575924,3.004917435338449,448.3509756925638
Seattle,0.1,25,validation_swap_selected,Prev. TRACE-SL,3.2979303716655903,2.999603773233329,457.4573555039855
Seattle,0.2,25,best_random_by_validation,Best random,3.127489845708318,2.9377133227529835,393.3035468739476
Seattle,0.2,25,trace_biopt,TRACE-BiOpt,2.9569069344356733,2.6743456218827726,392.8651006513047
Seattle,0.2,25,multistart_swap_by_validation,Multistart swap,3.08895807008196,2.8260910654320868,344.7521985532513
Seattle,0.2,25,rcss_selected,RCSS,3.0988008211101885,2.7573547677786228,395.162365677945
Seattle,0.2,25,validation_swap_selected,Prev. TRACE-SL,2.991681766510016,2.722366290885341,394.8716220364036
Seattle,0.3,25,best_random_by_validation,Best random,2.994375186061873,2.826246942527422,332.8069616444904
Seattle,0.3,25,trace_biopt,TRACE-BiOpt,2.7107495354068494,2.487537152670358,345.77986931911363
Seattle,0.3,25,multistart_swap_by_validation,Multistart swap,2.946420730128309,2.672775309627152,285.1606114247045
Seattle,0.3,25,rcss_selected,RCSS,2.8935296879266024,2.5638837616820203,326.2857528504603
Seattle,0.3,25,validation_swap_selected,Prev. TRACE-SL,2.7860271635446416,2.532980989637468,326.4902794839131
Seattle,0.1,26,best_random_by_validation,Best random,3.688891897196168,3.3369472852944244,501.78808961597866
Seattle,0.1,26,trace_biopt,TRACE-BiOpt,3.4423493404232466,3.1198935386460764,474.25700119025976
Seattle,0.1,26,multistart_swap_by_validation,Multistart swap,3.550261084692867,3.2560759970916875,456.3896873501283
Seattle,0.1,26,rcss_selected,RCSS,3.1771680720518405,3.2560759970916875,456.3896873501283
Seattle,0.1,26,validation_swap_selected,Prev. TRACE-SL,3.5432869272276983,3.253327859706177,464.4573352199865
Seattle,0.2,26,best_random_by_validation,Best random,3.410917619300961,3.0368772597791134,396.5298786109056
Seattle,0.2,26,trace_biopt,TRACE-BiOpt,3.1390946504714505,2.827819797650206,374.30018083384255
Seattle,0.2,26,multistart_swap_by_validation,Multistart swap,3.379268209442889,3.071540990827025,347.6220634016172
Seattle,0.2,26,rcss_selected,RCSS,2.94953725104652,2.9202488910003157,390.7045959622912
Seattle,0.2,26,validation_swap_selected,Prev. TRACE-SL,3.227436944665905,2.921643586728268,394.4886807962697
Seattle,0.3,26,best_random_by_validation,Best random,3.190988210553501,2.8653012295788054,336.2856477581313
Seattle,0.3,26,trace_biopt,TRACE-BiOpt,2.854693460575328,2.568737419258785,316.8658793636067
Seattle,0.3,26,multistart_swap_by_validation,Multistart swap,3.151514459061044,2.85415761118295,291.429596401195
Seattle,0.3,26,rcss_selected,RCSS,2.748030699261013,2.7148369099442817,329.17040492511984
Seattle,0.3,26,validation_swap_selected,Prev. TRACE-SL,2.964490294032596,2.6587562086780165,332.66671608343074
Seattle,0.1,27,best_random_by_validation,Best random,3.495817760793335,2.956239912822344,510.1274410154505
Seattle,0.1,27,trace_biopt,TRACE-BiOpt,3.3579033566094534,2.929185754010097,477.7745521863977
Seattle,0.1,27,multistart_swap_by_validation,Multistart swap,3.461204821200506,2.946377952106045,450.52904929901126
Seattle,0.1,27,rcss_selected,RCSS,3.2068052652343955,2.946377952106045,450.52904929901126
Seattle,0.1,27,validation_swap_selected,Prev. TRACE-SL,3.4416626299768383,2.9283926690813717,453.69615107477534
Seattle,0.2,27,best_random_by_validation,Best random,3.274072471300504,2.8119374980979703,398.2681704011984
Seattle,0.2,27,trace_biopt,TRACE-BiOpt,2.999849106640492,2.5334659429107207,380.3071961863408
Seattle,0.2,27,multistart_swap_by_validation,Multistart swap,3.2285555766727514,2.737329196989092,345.0258214763642
Seattle,0.2,27,rcss_selected,RCSS,2.955256065508384,2.6883260895447525,387.2294128918635
Seattle,0.2,27,validation_swap_selected,Prev. TRACE-SL,3.14251578618415,2.6720321113103283,388.1627955458264
Seattle,0.3,27,best_random_by_validation,Best random,3.092579169813716,2.632177143151465,334.8610385306365
Seattle,0.3,27,trace_biopt,TRACE-BiOpt,2.7186644026744906,2.3252353328959425,324.76790080589967
Seattle,0.3,27,multistart_swap_by_validation,Multistart swap,3.0710739762875523,2.58116527591701,287.0675731824155
Seattle,0.3,27,rcss_selected,RCSS,2.762018384892872,2.529530652699907,333.5301106101808
Seattle,0.3,27,validation_swap_selected,Prev. TRACE-SL,2.8853570504818413,2.454503274908637,343.81818232737953
Seattle,0.1,28,best_random_by_validation,Best random,3.5749885957091703,3.068523949242053,512.1993089427558
Seattle,0.1,28,trace_biopt,TRACE-BiOpt,3.346639390149948,2.84563894932067,493.27661652069503
Seattle,0.1,28,multistart_swap_by_validation,Multistart swap,3.501816919234904,2.92973873843638,459.8005525238415
Seattle,0.1,28,rcss_selected,RCSS,3.5306234189683288,2.8989679852578125,456.1829982409564
Seattle,0.1,28,validation_swap_selected,Prev. TRACE-SL,3.437097664761442,2.937498516456224,504.14230088505576
Seattle,0.2,28,best_random_by_validation,Best random,3.273303628120318,2.7250867897582274,408.11638069929495
Seattle,0.2,28,trace_biopt,TRACE-BiOpt,3.0351798572673925,2.551430805975908,404.8923605169224
Seattle,0.2,28,multistart_swap_by_validation,Multistart swap,3.240659836957709,2.707771384776442,352.8992672381398
Seattle,0.2,28,rcss_selected,RCSS,3.2009030048034184,2.660932968852721,393.3146020604597
Seattle,0.2,28,validation_swap_selected,Prev. TRACE-SL,3.16087157855476,2.6612066409825337,400.8772059065286
Seattle,0.3,28,best_random_by_validation,Best random,3.135832944515569,2.645143903915009,338.1368388399141
Seattle,0.3,28,trace_biopt,TRACE-BiOpt,2.8058339089682,2.3771781351197907,351.3598118978124
Seattle,0.3,28,multistart_swap_by_validation,Multistart swap,3.0842365310462774,2.5956971833268088,295.80684329815995
Seattle,0.3,28,rcss_selected,RCSS,2.98901018695711,2.484510689465952,330.35169737939134
Seattle,0.3,28,validation_swap_selected,Prev. TRACE-SL,2.9345602082393616,2.464913403341364,328.5666611052164
Seattle,0.1,29,best_random_by_validation,Best random,3.6001479298182626,3.589924318513284,507.3328036633027
Seattle,0.1,29,trace_biopt,TRACE-BiOpt,3.3376268255827863,3.276623929621274,484.83849613690825
Seattle,0.1,29,multistart_swap_by_validation,Multistart swap,3.4728876115968736,3.2865587342816824,455.7366804412392
Seattle,0.1,29,rcss_selected,RCSS,3.7410558528786737,3.304063401377575,453.2707102861205
Seattle,0.1,29,validation_swap_selected,Prev. TRACE-SL,3.4360095107715964,3.336292786085992,462.5866579568119
Seattle,0.2,29,best_random_by_validation,Best random,3.30435424364602,3.1273255661634547,405.047661897873
Seattle,0.2,29,trace_biopt,TRACE-BiOpt,3.050157446757595,3.008412176521865,386.849466183168
Seattle,0.2,29,multistart_swap_by_validation,Multistart swap,3.2483097203649747,3.085504965359774,352.4869626038725
Seattle,0.2,29,rcss_selected,RCSS,3.443096357893085,3.0353936133684245,391.3226628884353
Seattle,0.2,29,validation_swap_selected,Prev. TRACE-SL,3.155954325067526,3.030073806908234,394.52863158614366
Seattle,0.3,29,best_random_by_validation,Best random,3.126955785113793,2.993298198259416,343.0767663543432
Seattle,0.3,29,trace_biopt,TRACE-BiOpt,2.8409284203648832,2.759861220182082,341.6047305852827
Seattle,0.3,29,multistart_swap_by_validation,Multistart swap,3.083457293430982,2.932406203657081,294.15198499077405
Seattle,0.3,29,rcss_selected,RCSS,3.192821674378086,2.8608367397480827,330.23814884147447
Seattle,0.3,29,validation_swap_selected,Prev. TRACE-SL,2.945060091868952,2.828258891155688,332.0178205554689
Seattle,0.1,30,best_random_by_validation,Best random,3.708427940439748,2.9416259939192773,509.1779235514847
Seattle,0.1,30,trace_biopt,TRACE-BiOpt,3.478235730885733,2.8338590468596254,486.927021896886
Seattle,0.1,30,multistart_swap_by_validation,Multistart swap,3.619324959209831,2.834957481087528,450.9382607790637
Seattle,0.1,30,rcss_selected,RCSS,3.726262428562408,2.834957481087528,450.9382607790637
Seattle,0.1,30,validation_swap_selected,Prev. TRACE-SL,3.61371554578367,2.826648046997938,456.367171518041
Seattle,0.2,30,best_random_by_validation,Best random,3.3997437065183176,2.694785335694609,406.6655701103505
Seattle,0.2,30,trace_biopt,TRACE-BiOpt,3.113582277444886,2.5202350750956475,388.603140788328
Seattle,0.2,30,multistart_swap_by_validation,Multistart swap,3.325114886446224,2.612044200702999,346.08960134144326
Seattle,0.2,30,rcss_selected,RCSS,3.428689343412478,2.612044200702999,346.08960134144326
Seattle,0.2,30,validation_swap_selected,Prev. TRACE-SL,3.236541281666491,2.573039005836084,384.8790441439211
Seattle,0.3,30,best_random_by_validation,Best random,3.2146669725609893,2.635873923079537,331.5585668431605
Seattle,0.3,30,trace_biopt,TRACE-BiOpt,2.884121652564817,2.350867386131013,341.85047121345224
Seattle,0.3,30,multistart_swap_by_validation,Multistart swap,3.172582704256385,2.518505462551817,288.2654127633386
Seattle,0.3,30,rcss_selected,RCSS,3.086021956855192,2.4856644390360283,330.13124056070006
Seattle,0.3,30,validation_swap_selected,Prev. TRACE-SL,3.003239954114555,2.426992935184121,323.6617269638371
Seattle,0.1,31,best_random_by_validation,Best random,3.087918452858066,3.3125049905397583,516.9324949457364
Seattle,0.1,31,trace_biopt,TRACE-BiOpt,2.9223205292716345,3.12261227451948,485.0044251206376
Seattle,0.1,31,multistart_swap_by_validation,Multistart swap,2.9805490639525503,3.2073007249681544,457.0947636070061
Seattle,0.1,31,rcss_selected,RCSS,3.494646790305399,3.2073007249681544,457.0947636070061
Seattle,0.1,31,validation_swap_selected,Prev. TRACE-SL,2.9583809460692327,3.207715075529901,464.2368971952639
Seattle,0.2,31,best_random_by_validation,Best random,2.8347362278247763,3.073188881105928,394.8027069862153
Seattle,0.2,31,trace_biopt,TRACE-BiOpt,2.6109248560740244,2.800639370127512,394.7605311467937
Seattle,0.2,31,multistart_swap_by_validation,Multistart swap,2.749718681789512,2.955636390715363,347.2245295583135
Seattle,0.2,31,rcss_selected,RCSS,3.2434925828137744,2.9897043398404595,340.9392418884264
Seattle,0.2,31,validation_swap_selected,Prev. TRACE-SL,2.668425355238454,2.9093825975885323,354.49716093663824
Seattle,0.3,31,best_random_by_validation,Best random,2.650988638262446,2.8547986924342106,344.5658990052257
Seattle,0.3,31,trace_biopt,TRACE-BiOpt,2.427260385007209,2.5831550265691825,342.18330156748675
Seattle,0.3,31,multistart_swap_by_validation,Multistart swap,2.5937826274350275,2.818689474474529,293.4566304338398
Seattle,0.3,31,rcss_selected,RCSS,3.0033500806575777,2.722200675430764,336.3257686111804
Seattle,0.3,31,validation_swap_selected,Prev. TRACE-SL,2.475104553054193,2.673180209403874,343.36131332065486
Seattle,0.1,32,best_random_by_validation,Best random,2.989384966102626,3.4936091206748663,512.1918257340975
Seattle,0.1,32,trace_biopt,TRACE-BiOpt,2.778927070085632,3.234339073054981,492.36395626277965
Seattle,0.1,32,multistart_swap_by_validation,Multistart swap,2.8210611514171737,3.295384217020803,466.73223294860736
Seattle,0.1,32,rcss_selected,RCSS,2.1321484496634966,3.285274355177967,463.723625527828
Seattle,0.1,32,validation_swap_selected,Prev. TRACE-SL,2.797829110034553,3.280175520154951,472.9958715858842
Seattle,0.2,32,best_random_by_validation,Best random,2.659756506780453,3.0884234369661967,416.2471963621265
Seattle,0.2,32,trace_biopt,TRACE-BiOpt,2.492340687853916,2.897087213657332,393.52094152169377
Seattle,0.2,32,multistart_swap_by_validation,Multistart swap,2.6438685524392844,3.06994012569822,357.08740306589215
Seattle,0.2,32,rcss_selected,RCSS,1.9742542905771576,2.9937347975236595,385.9465008954552
Seattle,0.2,32,validation_swap_selected,Prev. TRACE-SL,2.57467587422742,2.962104231413689,393.1216277308704
Seattle,0.3,32,best_random_by_validation,Best random,2.523662477973378,2.911271552272537,345.9902458650022
Seattle,0.3,32,trace_biopt,TRACE-BiOpt,2.30482557519284,2.6831756680009677,344.4574108121266
Seattle,0.3,32,multistart_swap_by_validation,Multistart swap,2.4995947820755413,2.878303205637041,300.2477574131757
Seattle,0.3,32,rcss_selected,RCSS,1.8657924365890075,2.803685706083333,337.59655740226435
Seattle,0.3,32,validation_swap_selected,Prev. TRACE-SL,2.4015949346775223,2.758169230814076,343.21102428753784
Seattle,0.1,33,best_random_by_validation,Best random,2.797184318592808,3.3009117055732773,521.7974221671641
Seattle,0.1,33,trace_biopt,TRACE-BiOpt,2.6471466390712184,3.085562533410905,486.85495969103255
Seattle,0.1,33,multistart_swap_by_validation,Multistart swap,2.646168529023248,3.1583563855207277,455.61607296719006
Seattle,0.1,33,rcss_selected,RCSS,1.9387095708895532,3.1815455184505685,452.08146071673895
Seattle,0.1,33,validation_swap_selected,Prev. TRACE-SL,2.6385833852880314,3.165960482045426,465.817978428746
Seattle,0.2,33,best_random_by_validation,Best random,2.5298362572997304,3.018724186717671,397.0595299794801
Seattle,0.2,33,trace_biopt,TRACE-BiOpt,2.372623318309858,2.802737555636634,379.3960289665847
Seattle,0.2,33,multistart_swap_by_validation,Multistart swap,2.4463630537507712,2.9672390516260894,347.29824916316096
Seattle,0.2,33,rcss_selected,RCSS,1.7672935432202244,2.9672390516260894,347.29824916316096
Seattle,0.2,33,validation_swap_selected,Prev. TRACE-SL,2.4139586261461266,2.93739101238608,357.14556760560424
Seattle,0.3,33,best_random_by_validation,Best random,2.363218167342513,2.764382023756464,341.9384392333403
Seattle,0.3,33,trace_biopt,TRACE-BiOpt,2.1910393464291875,2.578776042143248,325.20662305114723
Seattle,0.3,33,multistart_swap_by_validation,Multistart swap,2.306489852947064,2.7809345798582226,287.22140463987307
Seattle,0.3,33,rcss_selected,RCSS,1.6484438768375378,2.7809345798582226,287.22140463987307
Seattle,0.3,33,validation_swap_selected,Prev. TRACE-SL,2.2464974271688853,2.710199581600983,297.3861713173928
Seattle,0.1,34,best_random_by_validation,Best random,3.3288217946792047,3.1908667682510305,511.94051371161504
Seattle,0.1,34,trace_biopt,TRACE-BiOpt,3.1702352482179563,3.0296138706896767,489.60073689397314
Seattle,0.1,34,multistart_swap_by_validation,Multistart swap,3.2477424622504745,3.0538268193882363,451.7694524203742
Seattle,0.1,34,rcss_selected,RCSS,3.75147500563174,3.0538268193882363,451.7694524203742
Seattle,0.1,34,validation_swap_selected,Prev. TRACE-SL,3.2174759699496023,3.089864216898571,494.59697465933976
Seattle,0.2,34,best_random_by_validation,Best random,3.0825670492326984,2.9466164224099023,393.581265656152
Seattle,0.2,34,trace_biopt,TRACE-BiOpt,2.8212995850832856,2.6974660430171835,404.2913950944349
Seattle,0.2,34,multistart_swap_by_validation,Multistart swap,3.0651700265555064,2.8762689094302507,346.04456214091914
Seattle,0.2,34,rcss_selected,RCSS,3.4252810928042323,2.790838254981435,393.23983100917184
Seattle,0.2,34,validation_swap_selected,Prev. TRACE-SL,2.903400145237693,2.7678156457149465,395.6372644215746
Seattle,0.3,34,best_random_by_validation,Best random,2.875100774728907,2.706128154017577,329.6446925657863
Seattle,0.3,34,trace_biopt,TRACE-BiOpt,2.5365631406635005,2.4433321741594964,337.85348457277496
Seattle,0.3,34,multistart_swap_by_validation,Multistart swap,2.8762585096778857,2.696210419356881,287.59795246535504
Seattle,0.3,34,rcss_selected,RCSS,3.2262028420103688,2.6145677474008138,323.6442042075098
Seattle,0.3,34,validation_swap_selected,Prev. TRACE-SL,2.72534679869055,2.587890310642743,328.84833326346416
PeMS7_228,0.1,25,best_random_by_validation,Best random,3.6927567921496185,3.5867583326933823,363.8817421628198
PeMS7_228,0.1,25,trace_biopt,TRACE-BiOpt,3.572702871952228,3.377497962047549,382.6060221716248
PeMS7_228,0.1,25,multistart_swap_by_validation,Multistart swap,3.52855832519301,3.426039494371418,330.32505413880403
PeMS7_228,0.1,25,rcss_selected,RCSS,3.6853300860203193,3.426039494371418,330.32505413880403
PeMS7_228,0.1,25,validation_swap_selected,Prev. TRACE-SL,3.4837215209868826,3.4244078683981343,334.29708904119127
PeMS7_228,0.2,25,best_random_by_validation,Best random,3.462261734153958,3.4365023554759606,305.7792092373213
PeMS7_228,0.2,25,trace_biopt,TRACE-BiOpt,3.25888474744638,3.060838873489347,319.2803791035636
PeMS7_228,0.2,25,multistart_swap_by_validation,Multistart swap,3.342857094074028,3.2274935004155023,257.4735555591517
PeMS7_228,0.2,25,rcss_selected,RCSS,3.4261791837904667,3.2274935004155023,257.4735555591517
PeMS7_228,0.2,25,validation_swap_selected,Prev. TRACE-SL,3.201413052457233,3.1300293427526054,291.76174231110406
PeMS7_228,0.3,25,best_random_by_validation,Best random,3.30229744912017,3.221122119383713,256.4533525216729
PeMS7_228,0.3,25,trace_biopt,TRACE-BiOpt,3.0248109050659133,2.896123810720621,275.14318738341376
PeMS7_228,0.3,25,multistart_swap_by_validation,Multistart swap,3.2746595973876618,3.200324086682891,212.1673274598375
PeMS7_228,0.3,25,rcss_selected,RCSS,3.2087149305391183,2.9210967479589005,264.2040511669889
PeMS7_228,0.3,25,validation_swap_selected,Prev. TRACE-SL,3.0433030708376907,2.918060792037708,249.82366950851477
PeMS7_228,0.1,26,best_random_by_validation,Best random,3.61656208486783,3.9652533664245744,365.2868743390992
PeMS7_228,0.1,26,trace_biopt,TRACE-BiOpt,3.5128888751815994,3.7909371191331713,370.4199161339116
PeMS7_228,0.1,26,multistart_swap_by_validation,Multistart swap,3.536590162680935,3.824388987809303,329.0110682156053
PeMS7_228,0.1,26,rcss_selected,RCSS,3.077245286102448,3.824388987809303,329.0110682156053
PeMS7_228,0.1,26,validation_swap_selected,Prev. TRACE-SL,3.4899193679865195,3.779631287005124,341.4919208686069
PeMS7_228,0.2,26,best_random_by_validation,Best random,3.3993922704693813,3.588724170550461,292.9679711807349
PeMS7_228,0.2,26,trace_biopt,TRACE-BiOpt,3.206986685515409,3.370367237959101,301.47230572490184
PeMS7_228,0.2,26,multistart_swap_by_validation,Multistart swap,3.352675382140001,3.5368253042062325,251.5271576285416
PeMS7_228,0.2,26,rcss_selected,RCSS,2.980713561667278,3.5368253042062325,251.5271576285416
PeMS7_228,0.2,26,validation_swap_selected,Prev. TRACE-SL,3.23730444770174,3.503779040548085,266.74368439780244
PeMS7_228,0.3,26,best_random_by_validation,Best random,3.2973836101221354,3.394332541557587,243.3527525595422
PeMS7_228,0.3,26,trace_biopt,TRACE-BiOpt,2.9469210726959267,3.1224457507386605,270.4381809019461
PeMS7_228,0.3,26,multistart_swap_by_validation,Multistart swap,3.192149604799769,3.4158183628702847,210.87747266301204
PeMS7_228,0.3,26,rcss_selected,RCSS,2.895783303319724,3.4158183628702847,210.87747266301204
PeMS7_228,0.3,26,validation_swap_selected,Prev. TRACE-SL,3.0105598751435902,3.299019032549241,225.2118069892205
PeMS7_228,0.1,27,best_random_by_validation,Best random,3.550002072456501,3.522200604133664,368.6287693022448
PeMS7_228,0.1,27,trace_biopt,TRACE-BiOpt,3.295749550707652,3.2899697318868717,362.4270689289784
PeMS7_228,0.1,27,multistart_swap_by_validation,Multistart swap,3.4398972139682598,3.2994514709934486,332.7331633957908
PeMS7_228,0.1,27,rcss_selected,RCSS,3.272686677087194,3.409310605636095,356.2745736440462
PeMS7_228,0.1,27,validation_swap_selected,Prev. TRACE-SL,3.3729539407862075,3.4157442929582422,367.25647534631423
PeMS7_228,0.2,27,best_random_by_validation,Best random,3.288249573028121,3.2647242830914704,298.69730052941503
PeMS7_228,0.2,27,trace_biopt,TRACE-BiOpt,2.9906618379833687,3.0100046764295616,304.28165496654793
PeMS7_228,0.2,27,multistart_swap_by_validation,Multistart swap,3.242711124462651,3.1658607428548597,253.92918313727336
PeMS7_228,0.2,27,rcss_selected,RCSS,3.093258839002448,3.231813164346645,273.240201116064
PeMS7_228,0.2,27,validation_swap_selected,Prev. TRACE-SL,3.139844021792852,3.156673474054942,280.6228819685956
PeMS7_228,0.3,27,best_random_by_validation,Best random,3.0120503451168954,3.077318298482912,264.4506969989749
PeMS7_228,0.3,27,trace_biopt,TRACE-BiOpt,2.732155743509981,2.798544452034983,266.9208714540317
PeMS7_228,0.3,27,multistart_swap_by_validation,Multistart swap,3.05094186210825,3.0821724435463618,214.38428279285927
PeMS7_228,0.3,27,rcss_selected,RCSS,2.922691879568009,3.064728716205148,224.5134078917413
PeMS7_228,0.3,27,validation_swap_selected,Prev. TRACE-SL,2.9118124413633835,2.968535066049483,233.1892301805962
PeMS7_228,0.1,28,best_random_by_validation,Best random,3.821070543195725,3.2114882562863896,366.0416515200802
PeMS7_228,0.1,28,trace_biopt,TRACE-BiOpt,3.598117044999356,3.140359242255431,366.83974903418186
PeMS7_228,0.1,28,multistart_swap_by_validation,Multistart swap,3.5912557074970697,3.228058009761904,330.63713085356784
PeMS7_228,0.1,28,rcss_selected,RCSS,3.782504053640524,3.228058009761904,330.63713085356784
PeMS7_228,0.1,28,validation_swap_selected,Prev. TRACE-SL,3.56988377293961,3.229417641121304,339.954549969745
PeMS7_228,0.2,28,best_random_by_validation,Best random,3.513356620738328,3.060851679651557,306.3131048679875
PeMS7_228,0.2,28,trace_biopt,TRACE-BiOpt,3.2360106136626485,2.833336576943215,302.3411208330523
PeMS7_228,0.2,28,multistart_swap_by_validation,Multistart swap,3.508532169016446,3.068734113617486,252.89890448395445
PeMS7_228,0.2,28,rcss_selected,RCSS,3.728304661946162,3.1114898393195154,269.7689433150972
PeMS7_228,0.2,28,validation_swap_selected,Prev. TRACE-SL,3.391892625158452,2.989936808520819,262.99520119974653
PeMS7_228,0.3,28,best_random_by_validation,Best random,3.395823164019581,2.9071537551220272,253.36247691936785
PeMS7_228,0.3,28,trace_biopt,TRACE-BiOpt,3.083342987868395,2.695217316400359,272.733745350097
PeMS7_228,0.3,28,multistart_swap_by_validation,Multistart swap,3.334325970121772,2.9297351481853493,209.01354268035425
PeMS7_228,0.3,28,rcss_selected,RCSS,3.5414635196781785,3.0318969036414907,226.75780492127365
PeMS7_228,0.3,28,validation_swap_selected,Prev. TRACE-SL,3.1727780663951486,2.88489824922316,227.4582917964337
PeMS7_228,0.1,29,best_random_by_validation,Best random,3.5019660515863915,3.733770791910695,385.5959071626946
PeMS7_228,0.1,29,trace_biopt,TRACE-BiOpt,3.3038746781613813,3.544519011084858,374.9397593671099
PeMS7_228,0.1,29,multistart_swap_by_validation,Multistart swap,3.3442310670519624,3.5426750859650293,329.7834141470545
PeMS7_228,0.1,29,rcss_selected,RCSS,3.542725891246066,3.51022606095054,329.83644677676574
PeMS7_228,0.1,29,validation_swap_selected,Prev. TRACE-SL,3.279771334961392,3.4508248601577094,344.0511062892715
PeMS7_228,0.2,29,best_random_by_validation,Best random,3.2339995379153126,3.337882473356442,310.64922630309184
PeMS7_228,0.2,29,trace_biopt,TRACE-BiOpt,2.972896742999245,3.127151377602812,314.51059518636885
PeMS7_228,0.2,29,multistart_swap_by_validation,Multistart swap,3.1249290365815203,3.3541641894270517,254.3896837384097
PeMS7_228,0.2,29,rcss_selected,RCSS,3.3299247101536404,3.3541641894270517,254.3896837384097
PeMS7_228,0.2,29,validation_swap_selected,Prev. TRACE-SL,3.0024743216715675,3.339335606829459,342.9155557660639
PeMS7_228,0.3,29,best_random_by_validation,Best random,3.109926557442897,3.2556586104989984,253.92044747959253
PeMS7_228,0.3,29,trace_biopt,TRACE-BiOpt,2.7632816532432822,2.867489686624794,279.41259945151035
PeMS7_228,0.3,29,multistart_swap_by_validation,Multistart swap,3.026443421221988,3.188571903647181,212.0497788684553
PeMS7_228,0.3,29,rcss_selected,RCSS,3.212308705306456,3.188571903647181,212.0497788684553
PeMS7_228,0.3,29,validation_swap_selected,Prev. TRACE-SL,2.8491887030436662,3.032014678535192,224.62228622689472
PeMS7_228,0.1,30,best_random_by_validation,Best random,3.336467079161617,3.570521826948928,371.1905136779214
PeMS7_228,0.1,30,trace_biopt,TRACE-BiOpt,3.075240407928557,3.340207729451798,367.7391605066268
PeMS7_228,0.1,30,multistart_swap_by_validation,Multistart swap,3.1601207176083697,3.443863706509869,332.6771930554846
PeMS7_228,0.1,30,rcss_selected,RCSS,3.0531272993801792,3.4075562793750684,331.6905327919479
PeMS7_228,0.1,30,validation_swap_selected,Prev. TRACE-SL,3.127401871425506,3.4379601680424368,342.43829704936843
PeMS7_228,0.2,30,best_random_by_validation,Best random,3.050178452677278,3.271665961985628,304.3580567869516
PeMS7_228,0.2,30,trace_biopt,TRACE-BiOpt,2.7602781196693438,2.86664456816426,301.720717884435
PeMS7_228,0.2,30,multistart_swap_by_validation,Multistart swap,3.064026756506331,3.17146482779392,253.99115492859843
PeMS7_228,0.2,30,rcss_selected,RCSS,2.9171321458005903,3.2223744967110406,300.4942653243941
PeMS7_228,0.2,30,validation_swap_selected,Prev. TRACE-SL,2.923522097546023,3.165833764624011,298.2230438492313
PeMS7_228,0.3,30,best_random_by_validation,Best random,2.94878613793232,3.0792690556676368,258.5731853981171
PeMS7_228,0.3,30,trace_biopt,TRACE-BiOpt,2.5964796480964627,2.648741469452439,270.76324773646195
PeMS7_228,0.3,30,multistart_swap_by_validation,Multistart swap,2.92004766161036,3.038007958583336,214.42086261209252
PeMS7_228,0.3,30,rcss_selected,RCSS,2.840668495452181,2.915349924909323,264.03807138973696
PeMS7_228,0.3,30,validation_swap_selected,Prev. TRACE-SL,2.698642893160756,2.84642616184613,266.93778458567056
PeMS7_228,0.1,31,best_random_by_validation,Best random,3.483285067241435,4.168345866835903,382.08171110639375
PeMS7_228,0.1,31,trace_biopt,TRACE-BiOpt,3.3175929303613723,4.010057266495195,360.97686728615486
PeMS7_228,0.1,31,multistart_swap_by_validation,Multistart swap,3.42856744318315,4.063089602367158,328.45530612218835
PeMS7_228,0.1,31,rcss_selected,RCSS,3.587864321506933,3.901972805916567,327.9191299120565
PeMS7_228,0.1,31,validation_swap_selected,Prev. TRACE-SL,3.3008049947470672,3.892605036523508,342.87457640963567
PeMS7_228,0.2,31,best_random_by_validation,Best random,3.2815351474682037,3.9620215883900514,302.4560834806705
PeMS7_228,0.2,31,trace_biopt,TRACE-BiOpt,2.9743443544138444,3.6098281341884175,299.92814086844766
PeMS7_228,0.2,31,multistart_swap_by_validation,Multistart swap,3.2342170623392743,3.8876851501079024,249.97267908155575
PeMS7_228,0.2,31,rcss_selected,RCSS,3.40962619879852,3.806113584376404,279.3857102637808
PeMS7_228,0.2,31,validation_swap_selected,Prev. TRACE-SL,3.0896230429368945,3.766656120509658,290.19473266020543
PeMS7_228,0.3,31,best_random_by_validation,Best random,3.135716224369566,3.682433169979112,253.9431074366779
PeMS7_228,0.3,31,trace_biopt,TRACE-BiOpt,2.743156211951053,3.3840644305369723,267.9838927385729
PeMS7_228,0.3,31,multistart_swap_by_validation,Multistart swap,3.075278075541582,3.635641867939021,206.094362194712
PeMS7_228,0.3,31,rcss_selected,RCSS,3.113904704158295,3.593588271187533,260.06400766168565
PeMS7_228,0.3,31,validation_swap_selected,Prev. TRACE-SL,2.9013722763966534,3.461204909293933,251.3248338917748
PeMS7_228,0.1,32,best_random_by_validation,Best random,3.49752979526239,3.297760344455265,369.9759421309554
PeMS7_228,0.1,32,trace_biopt,TRACE-BiOpt,3.3331459793896494,3.121942504743305,371.3366785314682
PeMS7_228,0.1,32,multistart_swap_by_validation,Multistart swap,3.373870070244399,3.364976089570805,330.4119716179349
PeMS7_228,0.1,32,rcss_selected,RCSS,3.338217279991672,3.364976089570805,330.4119716179349
PeMS7_228,0.1,32,validation_swap_selected,Prev. TRACE-SL,3.3580067992545253,3.379800886769135,338.9488526740481
PeMS7_228,0.2,32,best_random_by_validation,Best random,3.238515968808664,3.112970739588182,296.3709048548591
PeMS7_228,0.2,32,trace_biopt,TRACE-BiOpt,3.0299192574102647,2.829061204140316,300.2097569301489
PeMS7_228,0.2,32,multistart_swap_by_validation,Multistart swap,3.2454188909849955,3.0522146273085986,255.87064406156617
PeMS7_228,0.2,32,rcss_selected,RCSS,3.179095132844858,3.0522146273085986,255.87064406156617
PeMS7_228,0.2,32,validation_swap_selected,Prev. TRACE-SL,3.1339313800894657,2.986891692960358,270.67022842602773
PeMS7_228,0.3,32,best_random_by_validation,Best random,3.07750597981388,2.934542773493469,263.7968240522899
PeMS7_228,0.3,32,trace_biopt,TRACE-BiOpt,2.8603982335243847,2.6390590517756656,269.7403693846471
PeMS7_228,0.3,32,multistart_swap_by_validation,Multistart swap,3.0869470395016503,2.842989162554178,211.23811858816904
PeMS7_228,0.3,32,rcss_selected,RCSS,2.8904382434655598,2.786671139005433,259.1952156581472
PeMS7_228,0.3,32,validation_swap_selected,Prev. TRACE-SL,2.894702971104836,2.7304937682109407,258.14861882764194
PeMS7_228,0.1,33,best_random_by_validation,Best random,3.454971202255513,4.144752595122673,369.5065161542892
PeMS7_228,0.1,33,trace_biopt,TRACE-BiOpt,3.221055431229321,3.987919074598868,354.83950469850447
PeMS7_228,0.1,33,multistart_swap_by_validation,Multistart swap,3.3309754866617047,4.089207424995427,328.351737859634
PeMS7_228,0.1,33,rcss_selected,RCSS,3.302130256124737,4.111614557858437,329.00487163545904
PeMS7_228,0.1,33,validation_swap_selected,Prev. TRACE-SL,3.2838372634238464,4.112052381995919,337.31460411154995
PeMS7_228,0.2,33,best_random_by_validation,Best random,3.182014662644962,3.81676889444636,290.1145782350711
PeMS7_228,0.2,33,trace_biopt,TRACE-BiOpt,2.982476160731123,3.6246535815070025,296.55083007252256
PeMS7_228,0.2,33,multistart_swap_by_validation,Multistart swap,3.1929682990673003,3.809714344786628,253.1937171797653
PeMS7_228,0.2,33,rcss_selected,RCSS,3.0455985097039253,3.744331156843813,292.6512296227295
PeMS7_228,0.2,33,validation_swap_selected,Prev. TRACE-SL,2.998531014175991,3.678913271301212,290.02613059193294
PeMS7_228,0.3,33,best_random_by_validation,Best random,3.0328233501269963,3.559859838078348,245.6298578765559
PeMS7_228,0.3,33,trace_biopt,TRACE-BiOpt,2.824218163514238,3.345815543472434,260.9760527905534
PeMS7_228,0.3,33,multistart_swap_by_validation,Multistart swap,3.0540736686753385,3.6372349814933966,210.24628022255357
PeMS7_228,0.3,33,rcss_selected,RCSS,2.907240836244232,3.360426410834476,262.2032328857547
PeMS7_228,0.3,33,validation_swap_selected,Prev. TRACE-SL,2.846832202995767,3.373166115383827,252.1282254720776
PeMS7_228,0.1,34,best_random_by_validation,Best random,3.998471500475925,4.0322575212294405,365.5186245576929
PeMS7_228,0.1,34,trace_biopt,TRACE-BiOpt,3.6983074543319474,3.790270511799309,365.4400766598002
PeMS7_228,0.1,34,multistart_swap_by_validation,Multistart swap,3.8322217011236033,3.786260726326527,328.9634365505846
PeMS7_228,0.1,34,rcss_selected,RCSS,3.1800207573877333,3.7748609156621584,328.788266409486
PeMS7_228,0.1,34,validation_swap_selected,Prev. TRACE-SL,3.739500004717387,3.834529718333166,343.0339576225433
PeMS7_228,0.2,34,best_random_by_validation,Best random,3.6921420526712,3.7031706325801856,302.0352906331203
PeMS7_228,0.2,34,trace_biopt,TRACE-BiOpt,3.339109391755605,3.355243725820877,305.83655756814414
PeMS7_228,0.2,34,multistart_swap_by_validation,Multistart swap,3.686245817981117,3.612759835507248,255.074091229062
PeMS7_228,0.2,34,rcss_selected,RCSS,3.127551559524876,3.636151814619093,277.6344055685737
PeMS7_228,0.2,34,validation_swap_selected,Prev. TRACE-SL,3.510706793382788,3.4803583420331865,263.18910506635825
PeMS7_228,0.3,34,best_random_by_validation,Best random,3.442885774720869,3.334231238389392,244.97537137985967
PeMS7_228,0.3,34,trace_biopt,TRACE-BiOpt,3.111277910000413,3.1348703516234826,268.58942929389605
PeMS7_228,0.3,34,multistart_swap_by_validation,Multistart swap,3.4322984883164653,3.401681428388512,210.84748135800933
PeMS7_228,0.3,34,rcss_selected,RCSS,2.7675035516120894,3.2946480412398773,245.35496231399677
PeMS7_228,0.3,34,validation_swap_selected,Prev. TRACE-SL,3.2632258240782472,3.258824928908929,248.23254774916452
