method,mae,rmse,mape,dataset,budget,sensor_count,hidden_count,layout_type,layout_id,split_seed,layout_seed,validation_selected_mae,posterior_trace,condition_number,information_logdet,candidate_count
historical_tod_mean,4.083353746947497,7.016719986744287,0.0955258063602236,PeMS7_228,0.2,46,182,random,0,25,2151,,,,,100
neighbor_average,7.365731837606837,11.227121707396286,0.185998935169155,PeMS7_228,0.2,46,182,random,0,25,2151,,,,,100
gsp,3.7910322574321698,6.626441080773429,0.0933603309842644,PeMS7_228,0.2,46,182,random,0,25,2151,,16.41986455586875,97.16902595833147,662.9630129178073,100
gls_map,3.511155432978843,6.162437126001347,0.0856594874949776,PeMS7_228,0.2,46,182,random,0,25,2151,,295.44772229476075,843.2640938008557,133.37373724372682,100
historical_tod_mean,3.967406755570818,6.754920200116124,0.0915350906583519,PeMS7_228,0.2,46,182,random,1,25,2151,,,,,100
neighbor_average,7.24517163970289,11.343124036238384,0.17923827541277,PeMS7_228,0.2,46,182,random,1,25,2151,,,,,100
gsp,3.701114748676748,6.396630162508281,0.0882768036892037,PeMS7_228,0.2,46,182,random,1,25,2151,,16.412038190140144,97.4653599562982,663.0508891208661,100
gls_map,3.375079283856093,5.7331678048503685,0.0799173291115624,PeMS7_228,0.2,46,182,random,1,25,2151,,287.7623947949597,766.12571544336,134.19787483949665,100
historical_tod_mean,4.049954164758852,6.9528465410485465,0.0935754265994801,PeMS7_228,0.2,46,182,random,2,25,2151,,,,,100
neighbor_average,7.56946097883598,11.8598961499898,0.1872326685536487,PeMS7_228,0.2,46,182,random,2,25,2151,,,,,100
gsp,3.781025761749836,6.567631657540315,0.0902689299412473,PeMS7_228,0.2,46,182,random,2,25,2151,,16.423186676848594,97.36200361403344,662.91913991645,100
gls_map,3.5790825700683424,6.12247220806206,0.0844474935719872,PeMS7_228,0.2,46,182,random,2,25,2151,,306.63213463284933,1070.7735694868854,132.7101748067518,100
historical_tod_mean,4.100944797390111,7.046945320385312,0.0948254704573746,PeMS7_228,0.2,46,182,random,3,25,2151,,,,,100
neighbor_average,7.248850223850223,11.187861629554144,0.1758319365404443,PeMS7_228,0.2,46,182,random,3,25,2151,,,,,100
gsp,3.860186976679836,6.664647042404727,0.0932644121741367,PeMS7_228,0.2,46,182,random,3,25,2151,,16.412469945413953,95.36481688758356,663.0589569169058,100
gls_map,3.558743281197838,6.084398012086504,0.0846120733601049,PeMS7_228,0.2,46,182,random,3,25,2151,,304.6443834819245,902.833828458494,130.87728098406524,100
historical_tod_mean,3.993531269078144,6.912973409736912,0.0920962095224167,PeMS7_228,0.2,46,182,random,4,25,2151,,,,,100
neighbor_average,7.359971827940578,11.324672252208732,0.1777637144900959,PeMS7_228,0.2,46,182,random,4,25,2151,,,,,100
gsp,3.788265470142627,6.564303908883226,0.0889427245359386,PeMS7_228,0.2,46,182,random,4,25,2151,,16.423606726268687,96.16685406338652,662.9148442240671,100
gls_map,3.392360544614392,5.994782750305064,0.0795418642727687,PeMS7_228,0.2,46,182,random,4,25,2151,,297.2178494866622,789.1930063272366,130.99055463623145,100
historical_tod_mean,4.040411229395604,6.961556884812723,0.0935587414395684,PeMS7_228,0.2,46,182,random,5,25,2151,,,,,100
neighbor_average,7.357758763227513,11.590508475852948,0.19015489202718,PeMS7_228,0.2,46,182,random,5,25,2151,,,,,100
gsp,3.772457840362976,6.575406547944416,0.0907560693288315,PeMS7_228,0.2,46,182,random,5,25,2151,,16.418463891899055,95.34447405535911,662.9750740205533,100
gls_map,3.383631269185334,5.914998337909496,0.0817111365268182,PeMS7_228,0.2,46,182,random,5,25,2151,,294.01639604299464,844.58966482975,131.67583735726163,100
historical_tod_mean,3.997654389880952,6.874871382838224,0.0911408943734511,PeMS7_228,0.2,46,182,random,6,25,2151,,,,,100
neighbor_average,6.999979967948717,10.878124474649198,0.1775732213973544,PeMS7_228,0.2,46,182,random,6,25,2151,,,,,100
gsp,3.758098819659984,6.499433717040088,0.0887263389566879,PeMS7_228,0.2,46,182,random,6,25,2151,,16.41566175393828,97.29112274091295,663.026575392611,100
gls_map,3.4506282851847976,5.969592507582599,0.0804635824553405,PeMS7_228,0.2,46,182,random,6,25,2151,,296.3995629503981,806.7949270029118,133.1229855084627,100
historical_tod_mean,4.004308178800367,6.891715980398533,0.0921181531142584,PeMS7_228,0.2,46,182,random,7,25,2151,,,,,100
neighbor_average,7.278934867216116,11.312704345806928,0.1803754836776104,PeMS7_228,0.2,46,182,random,7,25,2151,,,,,100
gsp,3.7391452653137778,6.52664896012201,0.0887688752490955,PeMS7_228,0.2,46,182,random,7,25,2151,,16.419759353956003,96.82112587428227,662.9682243714205,100
gls_map,3.500501138619454,6.02623485831896,0.0822045490846626,PeMS7_228,0.2,46,182,random,7,25,2151,,301.95104897341764,1373.4762617391525,131.96537670431758,100
historical_tod_mean,3.950830853174603,6.794781252975265,0.0910171790098594,PeMS7_228,0.2,46,182,random,8,25,2151,,,,,100
neighbor_average,7.179135505698004,11.064871166134052,0.1765045133522326,PeMS7_228,0.2,46,182,random,8,25,2151,,,,,100
gsp,3.788935964810465,6.48152065671163,0.0898887479947206,PeMS7_228,0.2,46,182,random,8,25,2151,,16.421589652400797,93.5921088363496,662.9723549168666,100
gls_map,3.4419543575511318,5.889000823902095,0.0818454607786991,PeMS7_228,0.2,46,182,random,8,25,2151,,304.6276388429532,1020.4846085063084,129.69762049697667,100
historical_tod_mean,4.054225665827228,7.016065467972057,0.0962129490558779,PeMS7_228,0.2,46,182,random,9,25,2151,,,,,100
neighbor_average,7.208888825295076,11.091091250042002,0.1908232639313702,PeMS7_228,0.2,46,182,random,9,25,2151,,,,,100
gsp,3.79763549747769,6.664505879056855,0.0951417105830647,PeMS7_228,0.2,46,182,random,9,25,2151,,16.41329087311096,94.4026797492936,663.0653484233763,100
gls_map,3.5159073604118456,6.08957838229728,0.0872528856656682,PeMS7_228,0.2,46,182,random,9,25,2151,,297.1344393927501,922.5167753249611,132.49965028450674,100
historical_tod_mean,4.011804840125152,6.95514691189303,0.0939414437594776,PeMS7_228,0.2,46,182,random,10,25,2151,,,,,100
neighbor_average,7.133470695970696,11.08935373877171,0.1862409035052891,PeMS7_228,0.2,46,182,random,10,25,2151,,,,,100
gsp,3.773481482326305,6.580071990981515,0.0905681473378948,PeMS7_228,0.2,46,182,random,10,25,2151,,16.423260648583508,96.95181207291526,662.9109889589234,100
gls_map,3.4815501065782906,6.029474002033231,0.0835017138033043,PeMS7_228,0.2,46,182,random,10,25,2151,,287.6878523084463,788.2942323905979,134.05039894714363,100
historical_tod_mean,4.055274057539683,6.950323517381436,0.0931722455784077,PeMS7_228,0.2,46,182,random,11,25,2151,,,,,100
neighbor_average,7.03600490944241,11.169424421152774,0.1802820669991355,PeMS7_228,0.2,46,182,random,11,25,2151,,,,,100
gsp,3.846508792334405,6.60545697967564,0.0899065416382812,PeMS7_228,0.2,46,182,random,11,25,2151,,16.40927436066873,97.3016056095255,663.1014717740136,100
gls_map,3.5453133058384565,6.078872942792615,0.0827491589637902,PeMS7_228,0.2,46,182,random,11,25,2151,,295.4388232798583,885.4320194019796,132.8639219198566,100
historical_tod_mean,3.885419099130037,6.719508897735503,0.0907372543326576,PeMS7_228,0.2,46,182,random,12,25,2151,,,,,100
neighbor_average,7.052896380240129,10.934836330398308,0.1664683909490759,PeMS7_228,0.2,46,182,random,12,25,2151,,,,,100
gsp,3.5953393109048943,6.354913090219501,0.0886139774841054,PeMS7_228,0.2,46,182,random,12,25,2151,,16.423325367229577,97.1679261299279,662.921925028511,100
gls_map,3.289166076819552,5.73421898208229,0.0789450832859394,PeMS7_228,0.2,46,182,random,12,25,2151,,310.27929168652315,966.2412744393396,129.13630084822267,100
historical_tod_mean,4.04340096535409,7.009236536700976,0.0949221904569655,PeMS7_228,0.2,46,182,random,13,25,2151,,,,,100
neighbor_average,7.168393874643874,11.066445084063927,0.1823052283944523,PeMS7_228,0.2,46,182,random,13,25,2151,,,,,100
gsp,3.771711707391757,6.652293984064714,0.0939388149221434,PeMS7_228,0.2,46,182,random,13,25,2151,,16.418252947880024,95.3429461423332,663.0047989173316,100
gls_map,3.4146654861612085,6.004107884368985,0.0836675947098962,PeMS7_228,0.2,46,182,random,13,25,2151,,307.09383882983445,887.4444026175781,130.09413677372834,100
historical_tod_mean,4.035988200167887,6.962579544711354,0.0919248419290012,PeMS7_228,0.2,46,182,random,14,25,2151,,,,,100
neighbor_average,7.328069991351242,11.2916110648863,0.1801046513950738,PeMS7_228,0.2,46,182,random,14,25,2151,,,,,100
gsp,3.778082891343289,6.568664584660794,0.0879609359783515,PeMS7_228,0.2,46,182,random,14,25,2151,,16.412055444063352,96.25548308209436,663.0616095958587,100
gls_map,3.400133081410829,5.894977239077111,0.0785219853238237,PeMS7_228,0.2,46,182,random,14,25,2151,,302.7874279237092,938.6878573477916,132.95854295619532,100
historical_tod_mean,4.040889375381562,6.895246896180115,0.093039273726848,PeMS7_228,0.2,46,182,random,15,25,2151,,,,,100
neighbor_average,7.2394555097680096,11.465928067285834,0.1851680810000586,PeMS7_228,0.2,46,182,random,15,25,2151,,,,,100
gsp,3.775604294671819,6.536228817785255,0.0897990555182474,PeMS7_228,0.2,46,182,random,15,25,2151,,16.41979299610864,97.29596043847968,662.9975915687731,100
gls_map,3.4678190205868176,5.970217327813464,0.081322487411432,PeMS7_228,0.2,46,182,random,15,25,2151,,305.53639744483905,1067.1641132267362,131.9670529490176,100
historical_tod_mean,4.0772447344322345,6.972124428991675,0.0932317266960059,PeMS7_228,0.2,46,182,random,16,25,2151,,,,,100
neighbor_average,7.466458078958078,11.58049985309841,0.1826058793732783,PeMS7_228,0.2,46,182,random,16,25,2151,,,,,100
gsp,3.782339011497526,6.582990304344895,0.0897077541302047,PeMS7_228,0.2,46,182,random,16,25,2151,,16.421295378994163,97.19728905281497,662.9451227077855,100
gls_map,3.530789546228012,6.079507341070106,0.0839730395423022,PeMS7_228,0.2,46,182,random,16,25,2151,,297.10968293766194,907.3562866715412,133.63809303527933,100
historical_tod_mean,3.937378901480464,6.831642267182499,0.0912826439038572,PeMS7_228,0.2,46,182,random,17,25,2151,,,,,100
neighbor_average,7.314253917378918,11.35454486736302,0.1741801483550522,PeMS7_228,0.2,46,182,random,17,25,2151,,,,,100
gsp,3.67637273616606,6.45006652970123,0.0889339946011568,PeMS7_228,0.2,46,182,random,17,25,2151,,16.417684968537834,96.75634256635648,662.9764490704648,100
gls_map,3.4032842701133026,5.877814105677874,0.0808706183162011,PeMS7_228,0.2,46,182,random,17,25,2151,,298.1673417469604,984.9854270391552,131.85563391203183,100
historical_tod_mean,4.013199213980464,6.97715075248564,0.0930917988304644,PeMS7_228,0.2,46,182,random,18,25,2151,,,,,100
neighbor_average,7.522950689356939,11.79094776904778,0.1827886456347403,PeMS7_228,0.2,46,182,random,18,25,2151,,,,,100
gsp,3.7432232161045302,6.580192329015019,0.0908701749901891,PeMS7_228,0.2,46,182,random,18,25,2151,,16.418538864272143,97.36573857240003,662.9685431193141,100
gls_map,3.3578903641795064,5.910865904300349,0.0803960482846718,PeMS7_228,0.2,46,182,random,18,25,2151,,306.72451732705065,940.4080538685748,130.63595168276532,100
historical_tod_mean,3.940523742750305,6.75867459726378,0.0888832809895886,PeMS7_228,0.2,46,182,random,19,25,2151,,,,,100
neighbor_average,7.476518938237687,11.66866124558837,0.1824204603290957,PeMS7_228,0.2,46,182,random,19,25,2151,,,,,100
gsp,3.829876628150982,6.474300399942916,0.0868155388345787,PeMS7_228,0.2,46,182,random,19,25,2151,,16.421963916153253,97.14071946075298,662.9363631083336,100
gls_map,3.4540677576808467,5.834514017083858,0.0783124076630633,PeMS7_228,0.2,46,182,random,19,25,2151,,284.13701795000514,895.3236545237392,136.00348480046978,100
historical_tod_mean,4.115986053876679,7.070164043943959,0.0964084373578697,PeMS7_228,0.2,46,182,random,20,25,2151,,,,,100
neighbor_average,7.109327622608872,11.325585066222253,0.1911382380570033,PeMS7_228,0.2,46,182,random,20,25,2151,,,,,100
gsp,3.8253906944043568,6.668782785914647,0.0935162966148987,PeMS7_228,0.2,46,182,random,20,25,2151,,16.419989021999285,97.19183708503508,662.9521425484004,100
gls_map,3.490220987822615,6.07700979049624,0.0851714412499444,PeMS7_228,0.2,46,182,random,20,25,2151,,294.6458171525835,1268.3676059235206,135.57083576299405,100
historical_tod_mean,3.931603470314408,6.747913617956172,0.0901793729877594,PeMS7_228,0.2,46,182,random,21,25,2151,,,,,100
neighbor_average,7.269113438644688,11.387493932873994,0.1693157632497264,PeMS7_228,0.2,46,182,random,21,25,2151,,,,,100
gsp,3.651634997612867,6.374705588419716,0.0857526569407097,PeMS7_228,0.2,46,182,random,21,25,2151,,16.41797143204462,94.97598489109669,663.0056168813273,100
gls_map,3.4521162745049168,5.934937840198114,0.0807188607673625,PeMS7_228,0.2,46,182,random,21,25,2151,,317.5157742248372,1374.3291673908673,129.78892823644208,100
historical_tod_mean,4.013209277701466,6.95672160565131,0.0930787514902858,PeMS7_228,0.2,46,182,random,22,25,2151,,,,,100
neighbor_average,7.143522016178265,10.828052839715506,0.1777120734775051,PeMS7_228,0.2,46,182,random,22,25,2151,,,,,100
gsp,3.806549773972453,6.5855909378904665,0.0905563962233948,PeMS7_228,0.2,46,182,random,22,25,2151,,16.419395701737663,96.78551208793388,662.9884982382679,100
gls_map,3.462866365505453,5.948839336367394,0.0822420269150315,PeMS7_228,0.2,46,182,random,22,25,2151,,297.56197291034584,999.6432408977146,131.84531967820504,100
historical_tod_mean,4.011107247786936,6.931393561994718,0.0918633540050807,PeMS7_228,0.2,46,182,random,23,25,2151,,,,,100
neighbor_average,7.461536235754985,11.510517890307534,0.1804820271127273,PeMS7_228,0.2,46,182,random,23,25,2151,,,,,100
gsp,3.8341723818599327,6.581537692528184,0.0897087635390834,PeMS7_228,0.2,46,182,random,23,25,2151,,16.421432030322052,97.1825450575896,662.9522984847715,100
gls_map,3.478678092614477,6.004783232115148,0.0802888604702705,PeMS7_228,0.2,46,182,random,23,25,2151,,305.25107233603114,995.3935739609354,130.21176735624243,100
historical_tod_mean,3.950649801587301,6.828000950160942,0.0928939089771659,PeMS7_228,0.2,46,182,random,24,25,2151,,,,,100
neighbor_average,7.212142920736669,11.40976137566232,0.1853187200637334,PeMS7_228,0.2,46,182,random,24,25,2151,,,,,100
gsp,3.6604100920223943,6.458346989839174,0.0907299152349201,PeMS7_228,0.2,46,182,random,24,25,2151,,16.41763319172544,97.21665113215175,662.987222989555,100
gls_map,3.362104962897517,5.916695433711364,0.0826434220264414,PeMS7_228,0.2,46,182,random,24,25,2151,,300.64398932393533,1002.0177724772484,132.12336261201662,100
historical_tod_mean,3.926991901327839,6.763952624413579,0.0913804198156339,PeMS7_228,0.2,46,182,random,25,25,2151,,,,,100
neighbor_average,6.9808967363654855,10.988400291868784,0.1736890670467197,PeMS7_228,0.2,46,182,random,25,25,2151,,,,,100
gsp,3.699082748284999,6.421160112748529,0.088761635579883,PeMS7_228,0.2,46,182,random,25,25,2151,,16.41711443149983,97.22172032924068,663.0207167002368,100
gls_map,3.4071608394169632,5.928721471820364,0.0814651455670237,PeMS7_228,0.2,46,182,random,25,25,2151,,296.2912123362938,1029.913901173611,134.57236487211654,100
historical_tod_mean,3.930188587454212,6.777755312931709,0.090411874719113,PeMS7_228,0.2,46,182,random,26,25,2151,,,,,100
neighbor_average,7.092172873422873,11.10539971303406,0.1716996874438395,PeMS7_228,0.2,46,182,random,26,25,2151,,,,,100
gsp,3.694060642292481,6.428917520323235,0.0881488709426292,PeMS7_228,0.2,46,182,random,26,25,2151,,16.416453354476985,96.41440751909953,663.001019556374,100
gls_map,3.3939952271951506,5.997128729217461,0.0812851609656997,PeMS7_228,0.2,46,182,random,26,25,2151,,307.61718398325525,1055.2720277629876,129.91047253254027,100
historical_tod_mean,3.857265386523199,6.619314671268578,0.0881701517096649,PeMS7_228,0.2,46,182,random,27,25,2151,,,,,100
neighbor_average,7.372163079975579,11.25894902229286,0.1774415232714292,PeMS7_228,0.2,46,182,random,27,25,2151,,,,,100
gsp,3.609662629851688,6.237501865507145,0.084699490312714,PeMS7_228,0.2,46,182,random,27,25,2151,,16.42163118009337,96.257175980022,662.9490616595408,100
gls_map,3.3529375118410765,5.659917610680878,0.0781303578216792,PeMS7_228,0.2,46,182,random,27,25,2151,,300.17697019579737,877.3401551811555,132.0150526746557,100
historical_tod_mean,3.962885426205738,6.803466031900093,0.0895008526223378,PeMS7_228,0.2,46,182,random,28,25,2151,,,,,100
neighbor_average,7.156498651811152,11.09348278405623,0.1719756226295324,PeMS7_228,0.2,46,182,random,28,25,2151,,,,,100
gsp,3.782165719293175,6.464945499479901,0.0859323295795748,PeMS7_228,0.2,46,182,random,28,25,2151,,16.421178175800517,96.0794134631346,662.9650385944867,100
gls_map,3.40790008402042,5.806775071943226,0.0770765040227041,PeMS7_228,0.2,46,182,random,28,25,2151,,302.6231981221887,1122.821144142118,131.4590694847038,100
historical_tod_mean,3.839201055021368,6.646850504999174,0.0894895982662161,PeMS7_228,0.2,46,182,random,29,25,2151,,,,,100
neighbor_average,7.708529838217338,11.885099908627094,0.1841552062299359,PeMS7_228,0.2,46,182,random,29,25,2151,,,,,100
gsp,3.6769600742242425,6.35854555324391,0.0898376118914388,PeMS7_228,0.2,46,182,random,29,25,2151,,16.421844016117916,96.76785748307822,662.9542268008571,100
gls_map,3.422403652517817,5.902566296001657,0.0841044755984005,PeMS7_228,0.2,46,182,random,29,25,2151,,302.43103701489,932.8840213115892,131.4974684333618,100
historical_tod_mean,4.111756906288157,7.076894288781075,0.0965506730727223,PeMS7_228,0.2,46,182,random,30,25,2151,,,,,100
neighbor_average,7.2218864468864465,11.26064163685928,0.192363475788297,PeMS7_228,0.2,46,182,random,30,25,2151,,,,,100
gsp,3.88562821243052,6.703468322212142,0.0946292295696921,PeMS7_228,0.2,46,182,random,30,25,2151,,16.428192545462267,96.936464892323,662.86724985876,100
gls_map,3.666486931345715,6.296344281848797,0.088989332927845,PeMS7_228,0.2,46,182,random,30,25,2151,,301.9968374251962,925.7321153947044,132.3596392641354,100
historical_tod_mean,3.950599292200855,6.856778519298108,0.0910349938493626,PeMS7_228,0.2,46,182,random,31,25,2151,,,,,100
neighbor_average,7.105488464082214,11.081955445634735,0.1729097956281125,PeMS7_228,0.2,46,182,random,31,25,2151,,,,,100
gsp,3.70066184993411,6.456253893822037,0.0877999075678241,PeMS7_228,0.2,46,182,random,31,25,2151,,16.41648093213512,97.2193322933688,663.0069163924554,100
gls_map,3.461999245781028,5.926607243881705,0.0804385557167488,PeMS7_228,0.2,46,182,random,31,25,2151,,295.8681712175645,857.2665538757819,132.343310570296,100
historical_tod_mean,4.017857905982906,6.883013408184485,0.0923593881509079,PeMS7_228,0.2,46,182,random,32,25,2151,,,,,100
neighbor_average,7.156132033475783,11.072605889688136,0.1725378223910825,PeMS7_228,0.2,46,182,random,32,25,2151,,,,,100
gsp,3.75809988126092,6.493660254660282,0.0899647637339237,PeMS7_228,0.2,46,182,random,32,25,2151,,16.417919411542822,97.15752176602206,662.9790587362141,100
gls_map,3.4076688695386075,5.902672239215802,0.0823349001555488,PeMS7_228,0.2,46,182,random,32,25,2151,,300.8019888326061,1052.675496982799,132.1430730172933,100
historical_tod_mean,3.9204227239774103,6.797731416562137,0.0909303725112211,PeMS7_228,0.2,46,182,random,33,25,2151,,,,,100
neighbor_average,7.198419375763127,11.228812471147297,0.1786517897038836,PeMS7_228,0.2,46,182,random,33,25,2151,,,,,100
gsp,3.647611411947509,6.410312179937368,0.0878435701744908,PeMS7_228,0.2,46,182,random,33,25,2151,,16.4173193081711,97.20378173666973,662.9911579769324,100
gls_map,3.395306157205307,5.813265209004276,0.0796351343950214,PeMS7_228,0.2,46,182,random,33,25,2151,,298.81560872459283,934.9399590190976,132.26910412216094,100
historical_tod_mean,4.048290979853479,6.972789283519608,0.0937789578361602,PeMS7_228,0.2,46,182,random,34,25,2151,,,,,100
neighbor_average,7.245407254782255,11.263170155808242,0.1807447343016043,PeMS7_228,0.2,46,182,random,34,25,2151,,,,,100
gsp,3.808308858572405,6.577112753577929,0.0915119960270887,PeMS7_228,0.2,46,182,random,34,25,2151,,16.416735134873917,95.41729657674374,663.0005338296627,100
gls_map,3.4169689237278136,5.856404070401849,0.0802675170643585,PeMS7_228,0.2,46,182,random,34,25,2151,,292.5886489575881,825.6783570526924,131.9534546847092,100
historical_tod_mean,3.963286830357143,6.919276686700766,0.0939303151117874,PeMS7_228,0.2,46,182,random,35,25,2151,,,,,100
neighbor_average,7.104211818274318,11.29270719373636,0.1902553679214262,PeMS7_228,0.2,46,182,random,35,25,2151,,,,,100
gsp,3.6932612398982023,6.548219168241832,0.0921764660325944,PeMS7_228,0.2,46,182,random,35,25,2151,,16.419634293158406,97.2360804645669,662.9865963394101,100
gls_map,3.434515775423101,6.04988260335025,0.0855998425436873,PeMS7_228,0.2,46,182,random,35,25,2151,,295.14109272044766,970.6297664610548,132.31019236509914,100
historical_tod_mean,3.989800681089744,6.8715241213806,0.0928113341834743,PeMS7_228,0.2,46,182,random,36,25,2151,,,,,100
neighbor_average,7.133015046296296,10.966465576448728,0.1829219097357534,PeMS7_228,0.2,46,182,random,36,25,2151,,,,,100
gsp,3.7790499650058056,6.512150424478562,0.0908534528741311,PeMS7_228,0.2,46,182,random,36,25,2151,,16.411872493875705,96.2257976755728,663.0937730663115,100
gls_map,3.46338264449306,5.96479270734008,0.084102319517456,PeMS7_228,0.2,46,182,random,36,25,2151,,305.8084791249156,1010.5997506235104,131.81274362770975,100
historical_tod_mean,3.9150399687118433,6.803793001643342,0.0915760470391018,PeMS7_228,0.2,46,182,random,37,25,2151,,,,,100
neighbor_average,7.1689846611721615,11.030232928899462,0.1808465435150656,PeMS7_228,0.2,46,182,random,37,25,2151,,,,,100
gsp,3.640159275845163,6.426799932081076,0.088420831060831,PeMS7_228,0.2,46,182,random,37,25,2151,,16.415187963196196,96.89253613988096,663.0308886589319,100
gls_map,3.356149776731683,5.709014716972395,0.0796062885267937,PeMS7_228,0.2,46,182,random,37,25,2151,,299.4980261340021,1099.322694445363,133.2946581013649,100
historical_tod_mean,3.91671884539072,6.776627084545839,0.090917005872366,PeMS7_228,0.2,46,182,random,38,25,2151,,,,,100
neighbor_average,7.335644332519333,11.322680483449174,0.1828437321085379,PeMS7_228,0.2,46,182,random,38,25,2151,,,,,100
gsp,3.730803149983699,6.461199006871764,0.0902674662457365,PeMS7_228,0.2,46,182,random,38,25,2151,,16.413901201519852,97.4861411392932,663.0479376177942,100
gls_map,3.4453225925108053,5.979460955106151,0.0818738408430679,PeMS7_228,0.2,46,182,random,38,25,2151,,290.8034156161392,762.6566663470117,134.75565582522967,100
historical_tod_mean,4.055001001602564,6.903293472008086,0.0935276867318083,PeMS7_228,0.2,46,182,random,39,25,2151,,,,,100
neighbor_average,7.355245535714285,11.401555975393704,0.1896682617373181,PeMS7_228,0.2,46,182,random,39,25,2151,,,,,100
gsp,3.839853136041842,6.560948144082747,0.0921922172885779,PeMS7_228,0.2,46,182,random,39,25,2151,,16.4223871830962,96.04016394985008,662.9235728837591,100
gls_map,3.555545672410677,6.059505319507667,0.0856528879372198,PeMS7_228,0.2,46,182,random,39,25,2151,,307.1985456622633,966.005064434843,129.37374273429333,100
historical_tod_mean,4.080674984737485,7.051409272692409,0.0968261538769193,PeMS7_228,0.2,46,182,random,40,25,2151,,,,,100
neighbor_average,7.076550735144485,11.25355332729396,0.1901649221002933,PeMS7_228,0.2,46,182,random,40,25,2151,,,,,100
gsp,3.8045695223564286,6.704476894797998,0.0962048312637457,PeMS7_228,0.2,46,182,random,40,25,2151,,16.41410713959273,97.27709045930835,663.0323793323904,100
gls_map,3.600063650084482,6.260019581134846,0.0898152565955202,PeMS7_228,0.2,46,182,random,40,25,2151,,300.0461461379997,1129.963548727865,133.1608787212313,100
historical_tod_mean,3.930247205051893,6.851853360585695,0.0920782485506506,PeMS7_228,0.2,46,182,random,41,25,2151,,,,,100
neighbor_average,7.612227182539683,11.775081315188904,0.1923103763481248,PeMS7_228,0.2,46,182,random,41,25,2151,,,,,100
gsp,3.694675189398474,6.496578457268451,0.089589917210393,PeMS7_228,0.2,46,182,random,41,25,2151,,16.41258554067552,96.862670082083,663.0657477871938,100
gls_map,3.463066121176813,5.998638833909934,0.0824812146229939,PeMS7_228,0.2,46,182,random,41,25,2151,,315.60084539744736,1141.6949698426129,129.92770945763792,100
historical_tod_mean,3.949909426510989,6.807409687246757,0.0898219327549479,PeMS7_228,0.2,46,182,random,42,25,2151,,,,,100
neighbor_average,7.868279405779406,12.437121968765972,0.1858125386296197,PeMS7_228,0.2,46,182,random,42,25,2151,,,,,100
gsp,3.693449774177984,6.429855049935227,0.0866046013903669,PeMS7_228,0.2,46,182,random,42,25,2151,,16.405818392016158,97.34377366530528,663.1404629977504,100
gls_map,3.3881184514668905,5.741117030094085,0.0774051442553232,PeMS7_228,0.2,46,182,random,42,25,2151,,306.3320174060176,1207.5016672536967,132.02599250885953,100
historical_tod_mean,3.980442422161172,6.913378657632515,0.0922289795386294,PeMS7_228,0.2,46,182,random,43,25,2151,,,,,100
neighbor_average,7.370219017094016,11.48165443083747,0.1814950493284802,PeMS7_228,0.2,46,182,random,43,25,2151,,,,,100
gsp,3.773474193686527,6.555991845491068,0.0896575646949284,PeMS7_228,0.2,46,182,random,43,25,2151,,16.414222349744605,94.77026903297303,663.0260305196337,100
gls_map,3.3880782026073284,5.955597826060474,0.081654993860002,PeMS7_228,0.2,46,182,random,43,25,2151,,301.87224998325536,914.6312219533924,132.14909213308945,100
historical_tod_mean,3.9409800442612943,6.801675079700511,0.0918973406261317,PeMS7_228,0.2,46,182,random,44,25,2151,,,,,100
neighbor_average,7.488856138074888,11.668485589119,0.1887256167275784,PeMS7_228,0.2,46,182,random,44,25,2151,,,,,100
gsp,3.7390746657970633,6.48902500883368,0.0900123839407479,PeMS7_228,0.2,46,182,random,44,25,2151,,16.415437684559528,96.88126658109373,663.0236411084402,100
gls_map,3.38658093804558,5.894900313837551,0.082698545737414,PeMS7_228,0.2,46,182,random,44,25,2151,,296.0979966866588,854.7118449107477,133.07234782204964,100
historical_tod_mean,3.93125968215812,6.795976951850442,0.0887817963320433,PeMS7_228,0.2,46,182,random,45,25,2151,,,,,100
neighbor_average,7.402874122405372,11.313245224211188,0.1680725348605779,PeMS7_228,0.2,46,182,random,45,25,2151,,,,,100
gsp,3.70022229087165,6.410802718381567,0.0852539885048511,PeMS7_228,0.2,46,182,random,45,25,2151,,16.41378198029296,97.24540485348456,663.0327677580028,100
gls_map,3.3164694124917644,5.721891106295305,0.0746289040467428,PeMS7_228,0.2,46,182,random,45,25,2151,,292.5562567366611,808.0406185411503,131.40121436901472,100
historical_tod_mean,3.9981814236111113,6.892054746991722,0.0921247725263541,PeMS7_228,0.2,46,182,random,46,25,2151,,,,,100
neighbor_average,6.980132020757021,10.90698761494608,0.1770310301095328,PeMS7_228,0.2,46,182,random,46,25,2151,,,,,100
gsp,3.7440711131714575,6.503490427600927,0.0892759806943363,PeMS7_228,0.2,46,182,random,46,25,2151,,16.413304565669733,96.12070086447928,663.0499801229373,100
gls_map,3.3327027062712298,5.756625532823311,0.0777900541810526,PeMS7_228,0.2,46,182,random,46,25,2151,,294.5580886981349,695.3683734938098,131.27742082126906,100
historical_tod_mean,3.973154284951159,6.8438998101052135,0.0912419832257472,PeMS7_228,0.2,46,182,random,47,25,2151,,,,,100
neighbor_average,7.225283310439559,11.365959597559058,0.1823921478602548,PeMS7_228,0.2,46,182,random,47,25,2151,,,,,100
gsp,3.731041695896113,6.470197751303787,0.0880191233817666,PeMS7_228,0.2,46,182,random,47,25,2151,,16.411960014582707,96.15328448124176,663.073035273043,100
gls_map,3.451935162854053,5.925097595591401,0.0799720166242796,PeMS7_228,0.2,46,182,random,47,25,2151,,299.676593859252,1015.2208087062356,130.3974520330253,100
historical_tod_mean,4.155413709554334,7.128982127573429,0.096947792182382,PeMS7_228,0.2,46,182,random,48,25,2151,,,,,100
neighbor_average,7.031907878001627,11.19633234691484,0.1868892643909038,PeMS7_228,0.2,46,182,random,48,25,2151,,,,,100
gsp,3.90366874107641,6.742965301502907,0.0947838729326635,PeMS7_228,0.2,46,182,random,48,25,2151,,16.421963892191272,97.2058790435404,662.9368241608759,100
gls_map,3.5521550621183224,6.132463879930441,0.0851498689992644,PeMS7_228,0.2,46,182,random,48,25,2151,,293.994567421375,991.683792177034,132.18910231824023,100
historical_tod_mean,4.024258861797925,6.912400252188198,0.094124359972457,PeMS7_228,0.2,46,182,random,49,25,2151,,,,,100
neighbor_average,7.40567097832723,11.602600961725855,0.1789719247105525,PeMS7_228,0.2,46,182,random,49,25,2151,,,,,100
gsp,3.733711852359159,6.533093810587075,0.0916964205721686,PeMS7_228,0.2,46,182,random,49,25,2151,,16.421427350370873,97.17507535242864,662.9565266780669,100
gls_map,3.4499928402640214,6.054722896129388,0.0831853379518541,PeMS7_228,0.2,46,182,random,49,25,2151,,309.06772586190027,989.2228876438083,128.1265169067964,100
historical_tod_mean,3.93125968215812,6.795976951850442,0.0887817963320433,PeMS7_228,0.2,46,182,best_random_by_validation,45,25,2151,3.4854992065951254,,,,100
neighbor_average,7.402874122405372,11.313245224211188,0.1680725348605779,PeMS7_228,0.2,46,182,best_random_by_validation,45,25,2151,3.4854992065951254,,,,100
gsp,3.70022229087165,6.410802718381567,0.0852539885048511,PeMS7_228,0.2,46,182,best_random_by_validation,45,25,2151,3.4854992065951254,16.41378198029296,97.24540485348456,663.0327677580028,100
gls_map,3.3164694124917644,5.721891106295305,0.0746289040467428,PeMS7_228,0.2,46,182,best_random_by_validation,45,25,2151,3.4854992065951254,292.5562567366611,808.0406185411503,131.40121436901472,100
historical_tod_mean,3.940523742750305,6.75867459726378,0.0888832809895886,PeMS7_228,0.2,46,182,best_random_by_trace,19,25,2151,,,,,100
neighbor_average,7.476518938237687,11.66866124558837,0.1824204603290957,PeMS7_228,0.2,46,182,best_random_by_trace,19,25,2151,,,,,100
gsp,3.829876628150982,6.474300399942916,0.0868155388345787,PeMS7_228,0.2,46,182,best_random_by_trace,19,25,2151,,16.421963916153253,97.14071946075298,662.9363631083336,100
gls_map,3.4540677576808467,5.834514017083858,0.0783124076630633,PeMS7_228,0.2,46,182,best_random_by_trace,19,25,2151,,284.13701795000514,895.3236545237392,136.00348480046978,100
historical_tod_mean,4.047049278846153,6.917114388916159,0.093250430926549,PeMS7_228,0.2,46,182,degree,0,25,2151,,,,,100
neighbor_average,7.597360538766789,11.785040826294225,0.191119895789398,PeMS7_228,0.2,46,182,degree,0,25,2151,,,,,100
gsp,3.8417008256117127,6.601868992128511,0.0909552773542889,PeMS7_228,0.2,46,182,degree,0,25,2151,,16.452240748498788,97.29289036225364,662.6095256146551,100
gls_map,3.829606502382573,6.524393656980027,0.092460775107724,PeMS7_228,0.2,46,182,degree,0,25,2151,,345.52830860088835,1652.5023737186611,127.049226238847,100
historical_tod_mean,3.5352869352869347,6.035015861827912,0.0768353384198482,PeMS7_228,0.2,46,182,top_variance,0,25,2151,,,,,100
neighbor_average,9.188632605820104,14.474583205197446,0.1764365017235266,PeMS7_228,0.2,46,182,top_variance,0,25,2151,,,,,100
gsp,3.310899017512743,5.744710625447487,0.0730477240294544,PeMS7_228,0.2,46,182,top_variance,0,25,2151,,16.416620624543675,96.47966839827232,663.1021327927732,100
gls_map,3.208908806354434,5.455354961004556,0.0689358287995978,PeMS7_228,0.2,46,182,top_variance,0,25,2151,,365.34597494398486,1514.6376830720258,118.93252138574526,100
historical_tod_mean,4.006775316697191,6.934377877927549,0.0938192087173329,PeMS7_228,0.2,46,182,coverage,0,25,2151,,,,,100
neighbor_average,7.01462148962149,10.818484143732563,0.1799128808464455,PeMS7_228,0.2,46,182,coverage,0,25,2151,,,,,100
gsp,3.7681322854937584,6.558833484687873,0.0902448187610779,PeMS7_228,0.2,46,182,coverage,0,25,2151,,16.413723520631976,96.81763732378012,663.0232662176555,100
gls_map,3.416141369928642,5.936226831090893,0.0809585062356918,PeMS7_228,0.2,46,182,coverage,0,25,2151,,304.99176202041605,1283.125553476915,135.2705595197179,100
historical_tod_mean,4.090243103250915,7.0166498096616685,0.0947169022014159,PeMS7_228,0.2,46,182,scenario_average_a_trace,0,25,2151,,,,,100
neighbor_average,7.283534607753357,11.229529207847689,0.1885500949281628,PeMS7_228,0.2,46,182,scenario_average_a_trace,0,25,2151,,,,,100
gsp,3.8883852878377465,6.677262367488894,0.0917174993880175,PeMS7_228,0.2,46,182,scenario_average_a_trace,0,25,2151,,16.41783792490712,96.22845860324156,662.9862280357479,100
gls_map,3.508071735165817,6.034652783385035,0.08255709366413,PeMS7_228,0.2,46,182,scenario_average_a_trace,0,25,2151,,276.60680416259913,843.3767736997646,138.78344548171864,100
historical_tod_mean,4.061698145604396,6.992734401228264,0.0954201664535801,PeMS7_228,0.2,46,182,scenario_cvar_a_trace,0,25,2151,,,,,100
neighbor_average,7.347151315120066,11.364138267015306,0.1946206282346302,PeMS7_228,0.2,46,182,scenario_cvar_a_trace,0,25,2151,,,,,100
gsp,3.839047676595983,6.628052610864006,0.0946341422165481,PeMS7_228,0.2,46,182,scenario_cvar_a_trace,0,25,2151,,16.42107553400635,95.35689118119149,662.9827942940411,100
gls_map,3.5272214891804867,6.06905335386339,0.0882168881018369,PeMS7_228,0.2,46,182,scenario_cvar_a_trace,0,25,2151,,280.1272824275949,796.9195420911111,137.56851802494756,100
historical_tod_mean,4.038314922924298,6.992462984389007,0.094062202100841,PeMS7_228,0.2,46,182,greedy_a_trace,0,25,2151,,,,,100
neighbor_average,6.905160955942205,10.655900004487034,0.1829616592085504,PeMS7_228,0.2,46,182,greedy_a_trace,0,25,2151,,,,,100
gsp,3.80480344729374,6.600650142738256,0.0904422946205165,PeMS7_228,0.2,46,182,greedy_a_trace,0,25,2151,,16.416714893392893,97.3824945123404,662.9954234400815,100
gls_map,3.3361253911477613,5.719963893532371,0.0788135506733062,PeMS7_228,0.2,46,182,greedy_a_trace,0,25,2151,,252.7847156076752,827.4429067049239,141.7901339056718,100
historical_tod_mean,4.105857514880952,7.033330448283351,0.0958106457017055,PeMS7_228,0.2,46,182,greedy_d_logdet,0,25,2151,,,,,100
neighbor_average,7.614149623524623,12.291048983190034,0.2177426782343651,PeMS7_228,0.2,46,182,greedy_d_logdet,0,25,2151,,,,,100
gsp,3.906416620549392,6.67990834216012,0.0934608381583451,PeMS7_228,0.2,46,182,greedy_d_logdet,0,25,2151,,16.418780479764198,97.38510401648516,662.9752196501502,100
gls_map,3.913042402747825,6.4402312146139415,0.0938880236914373,PeMS7_228,0.2,46,182,greedy_d_logdet,0,25,2151,,285.7083645759104,2495.738821564474,150.17254298083807,100
historical_tod_mean,4.037069930937119,6.977199693424496,0.0933358640393698,PeMS7_228,0.2,46,182,swap_from_greedy_a_trace,0,25,2151,,,,,100
neighbor_average,6.952404164122914,10.808307052925016,0.1852046123833183,PeMS7_228,0.2,46,182,swap_from_greedy_a_trace,0,25,2151,,,,,100
gsp,3.791230780910372,6.575399029486611,0.0895502244053093,PeMS7_228,0.2,46,182,swap_from_greedy_a_trace,0,25,2151,,16.41681674746461,97.38180272377647,662.9919510102702,100
gls_map,3.3341049852492506,5.7727662071376695,0.0790240324570735,PeMS7_228,0.2,46,182,swap_from_greedy_a_trace,0,25,2151,,249.30639316256529,854.5465569043888,143.81740738827284,100
historical_tod_mean,4.067441525488401,6.99712859149404,0.0940491251642999,PeMS7_228,0.2,46,182,swap_from_scenario_average,0,25,2151,,,,,100
neighbor_average,7.020743984025234,10.912791100380602,0.1859094475445018,PeMS7_228,0.2,46,182,swap_from_scenario_average,0,25,2151,,,,,100
gsp,3.866014786440255,6.6402453154416445,0.0906688357377184,PeMS7_228,0.2,46,182,swap_from_scenario_average,0,25,2151,,16.41688863757255,97.25881525076836,662.9910943696285,100
gls_map,3.330989612507844,5.789078783509018,0.0787162466828756,PeMS7_228,0.2,46,182,swap_from_scenario_average,0,25,2151,,251.1168872522984,850.1390367533809,143.24680730150848,100
historical_tod_mean,4.006746508699634,6.909505756246356,0.0918642441909027,PeMS7_228,0.2,46,182,swap_from_scenario_cvar,0,25,2151,,,,,100
neighbor_average,6.939382694851444,10.848473445222318,0.1797839874439183,PeMS7_228,0.2,46,182,swap_from_scenario_cvar,0,25,2151,,,,,100
gsp,3.7786312541609175,6.515956386768968,0.088080457932071,PeMS7_228,0.2,46,182,swap_from_scenario_cvar,0,25,2151,,16.417062903995813,97.2451368642573,662.9874346813459,100
gls_map,3.353091745691051,5.665274616581266,0.0769324933936518,PeMS7_228,0.2,46,182,swap_from_scenario_cvar,0,25,2151,,252.20783970161008,843.8176081186758,143.35347561671804,100
historical_tod_mean,3.9626098901098894,6.806081525280259,0.0914164761345627,PeMS7_228,0.2,46,182,swap_from_best_random_trace,19,25,2151,,,,,100
neighbor_average,7.020131257631258,10.791031636008324,0.1813392211949346,PeMS7_228,0.2,46,182,swap_from_best_random_trace,19,25,2151,,,,,100
gsp,3.777088825386319,6.455248149068581,0.0887900926088223,PeMS7_228,0.2,46,182,swap_from_best_random_trace,19,25,2151,,16.415755296676966,97.2716522674559,663.0138793194078,100
gls_map,3.264641879338673,5.6023422049502605,0.0783263992639051,PeMS7_228,0.2,46,182,swap_from_best_random_trace,19,25,2151,,252.57933134670716,861.6193835121475,142.9650047074997,100
historical_tod_mean,4.023235367063492,6.943083652443263,0.0920471838105989,PeMS7_228,0.2,46,182,multistart_swap_by_validation,45,25,2151,3.413235397358148,,,,100
neighbor_average,7.024274394586894,11.113809170475434,0.1825593117451346,PeMS7_228,0.2,46,182,multistart_swap_by_validation,45,25,2151,3.413235397358148,,,,100
gsp,3.7892496711046606,6.546868949455062,0.0885874359164832,PeMS7_228,0.2,46,182,multistart_swap_by_validation,45,25,2151,3.413235397358148,16.41359624966818,97.43312831007904,663.0398036857371,100
gls_map,3.316485715178541,5.767860320013509,0.0765815783543778,PeMS7_228,0.2,46,182,multistart_swap_by_validation,45,25,2151,3.413235397358148,252.22564808431943,825.7873654925071,143.22776104525568,100
historical_tod_mean,3.886417744581807,6.665376644322362,0.0899975836914422,PeMS7_228,0.2,46,182,rcss_selected,0,25,2151,3.410652501009182,,,,100
neighbor_average,6.856260492979242,10.514241970766657,0.1635450401790206,PeMS7_228,0.2,46,182,rcss_selected,0,25,2151,3.410652501009182,,,,100
gsp,3.5995084127768493,6.286936451070478,0.0878588617982467,PeMS7_228,0.2,46,182,rcss_selected,0,25,2151,3.410652501009182,16.412279106769105,97.31958447144044,663.0636740921949,100
gls_map,3.1753954521693903,5.462943167764976,0.0755400879674598,PeMS7_228,0.2,46,182,rcss_selected,0,25,2151,3.410652501009182,297.24082788608905,966.6960858947276,131.27401262473384,100
historical_tod_mean,3.854327447725885,6.637095392768877,0.0893902646553241,PeMS7_228,0.2,46,182,validation_swap_selected,0,25,2151,3.291812723780529,,,,100
neighbor_average,6.892237421143671,10.51816561266896,0.1618937319644703,PeMS7_228,0.2,46,182,validation_swap_selected,0,25,2151,3.291812723780529,,,,100
gsp,3.564440461042093,6.261758343504704,0.0867162111562334,PeMS7_228,0.2,46,182,validation_swap_selected,0,25,2151,3.291812723780529,16.417019098907225,96.88150274479892,663.0081791477335,100
gls_map,3.1581368428972865,5.436441717919187,0.0753935038518267,PeMS7_228,0.2,46,182,validation_swap_selected,0,25,2151,3.291812723780529,302.0097724352014,1152.693461741712,131.24453122212626,100
historical_tod_mean,4.064232581654456,7.031883304558092,0.0951672394159862,PeMS7_228,0.2,46,182,robust_coverage_cvar,0,25,2151,,,,,100
neighbor_average,7.004042658730158,10.852814665382352,0.1848025512314312,PeMS7_228,0.2,46,182,robust_coverage_cvar,0,25,2151,,,,,100
gsp,3.797175935270485,6.625258459270437,0.0929242510953286,PeMS7_228,0.2,46,182,robust_coverage_cvar,0,25,2151,,16.41523950541261,97.2387235513162,663.012363420355,100
gls_map,3.4230588599813885,5.887355824143913,0.0829746595333175,PeMS7_228,0.2,46,182,robust_coverage_cvar,0,25,2151,,276.6253793244582,847.0925354616254,137.90991373756898,100
historical_tod_mean,4.0664745497558,7.02246243824128,0.0954399591922113,PeMS7_228,0.2,46,182,random,0,25,2101,,,,,50
neighbor_average,7.055467796092798,10.89897787405429,0.1798342867951867,PeMS7_228,0.2,46,182,random,0,25,2101,,,,,50
gsp,3.817233985865149,6.6378199901884205,0.0935541309909221,PeMS7_228,0.2,46,182,random,0,25,2101,,16.421177732358345,96.87067227117446,662.978570048383,50
gls_map,3.5749107759451983,6.086962843942471,0.0859101664552626,PeMS7_228,0.2,46,182,random,0,25,2101,,298.0663033898392,952.3178554884752,131.5645658172897,50
historical_tod_mean,3.979205061431624,6.884269078316481,0.0922024085919145,PeMS7_228,0.2,46,182,random,1,25,2101,,,,,50
neighbor_average,7.081697064509563,11.105125331732918,0.1747327966715417,PeMS7_228,0.2,46,182,random,1,25,2101,,,,,50
gsp,3.681797217329809,6.531523217580068,0.0902855454158521,PeMS7_228,0.2,46,182,random,1,25,2101,,16.413000694773984,94.59670632834693,663.0431578365617,50
gls_map,3.420939447839954,6.029721202104308,0.0826208820250038,PeMS7_228,0.2,46,182,random,1,25,2101,,303.4991808881136,948.2165895741376,131.455757960545,50
historical_tod_mean,4.050338446275947,7.003767051015183,0.0942057190031752,PeMS7_228,0.2,46,182,random,2,25,2101,,,,,50
neighbor_average,7.300712886650386,11.149409529589429,0.1863996201288488,PeMS7_228,0.2,46,182,random,2,25,2101,,,,,50
gsp,3.774073763509841,6.626996877676367,0.0919509726382729,PeMS7_228,0.2,46,182,random,2,25,2101,,16.421111747800058,97.18000145106632,662.9320625825692,50
gls_map,3.421547533622745,6.073656916997899,0.0833883026519196,PeMS7_228,0.2,46,182,random,2,25,2101,,299.6518919805553,907.9162858613552,131.227362001447,50
historical_tod_mean,4.086548811431624,6.996652914540195,0.0935452984635536,PeMS7_228,0.2,46,182,random,3,25,2101,,,,,50
neighbor_average,7.265929932336181,11.525335963105702,0.1840399796259863,PeMS7_228,0.2,46,182,random,3,25,2101,,,,,50
gsp,3.8845382331239247,6.654993363165239,0.0907769550827952,PeMS7_228,0.2,46,182,random,3,25,2101,,16.42153079523992,96.38024433900316,662.954975950724,50
gls_map,3.541623306142681,6.182418634525616,0.0835016798827258,PeMS7_228,0.2,46,182,random,3,25,2101,,302.652145068285,1242.9555388986585,132.82831108144123,50
historical_tod_mean,3.8546556871947497,6.645260459230594,0.0888460590992018,PeMS7_228,0.2,46,182,random,4,25,2101,,,,,50
neighbor_average,7.175079492266991,10.871141987826697,0.1735088111178172,PeMS7_228,0.2,46,182,random,4,25,2101,,,,,50
gsp,3.625805457360687,6.25230052950802,0.0858290102594571,PeMS7_228,0.2,46,182,random,4,25,2101,,16.41357796950419,97.47678293583144,663.0477118444168,50
gls_map,3.310439615263639,5.595323937799912,0.0773130932672017,PeMS7_228,0.2,46,182,random,4,25,2101,,296.0662482971948,815.0127822036299,132.36397420472443,50
historical_tod_mean,4.078768315018315,7.0155075571998085,0.093700628870592,PeMS7_228,0.2,46,182,random,5,25,2101,,,,,50
neighbor_average,7.372591702279202,11.39201538524004,0.1807214067386775,PeMS7_228,0.2,46,182,random,5,25,2101,,,,,50
gsp,3.831495223561593,6.616734857588607,0.0898956600865893,PeMS7_228,0.2,46,182,random,5,25,2101,,16.414176662820733,97.27432306114596,663.0432099755097,50
gls_map,3.4791514106322583,5.961260333826304,0.0798238489443828,PeMS7_228,0.2,46,182,random,5,25,2101,,310.5302462490931,1117.6403627646755,129.64392266619484,50
historical_tod_mean,3.9344561775030527,6.850532214625489,0.091317978198023,PeMS7_228,0.2,46,182,random,6,25,2101,,,,,50
neighbor_average,7.172890911172159,11.305399844483793,0.1760962777538821,PeMS7_228,0.2,46,182,random,6,25,2101,,,,,50
gsp,3.670090797917256,6.460238834187075,0.0885725057037044,PeMS7_228,0.2,46,182,random,6,25,2101,,16.414259155532225,96.35277999897576,663.0494710451036,50
gls_map,3.552682071335451,6.035405613375725,0.083030631366896,PeMS7_228,0.2,46,182,random,6,25,2101,,309.76760231496155,1364.5962746451446,129.53845810474832,50
historical_tod_mean,3.967771291208791,6.82201785131244,0.0907882539574561,PeMS7_228,0.2,46,182,random,7,25,2101,,,,,50
neighbor_average,7.124902383496134,11.189778679841222,0.1745374884959311,PeMS7_228,0.2,46,182,random,7,25,2101,,,,,50
gsp,3.736922192858712,6.476565207301161,0.0874295306861502,PeMS7_228,0.2,46,182,random,7,25,2101,,16.42119775560832,96.1268466079095,662.9552862364113,50
gls_map,3.4106820978990577,5.9605039520211545,0.0801498652139282,PeMS7_228,0.2,46,182,random,7,25,2101,,299.16928044643623,1031.842331973222,131.24213767190653,50
historical_tod_mean,3.957353861416362,6.852486533173105,0.0912849973653221,PeMS7_228,0.2,46,182,random,8,25,2101,,,,,50
neighbor_average,7.410293612637363,11.529918592222042,0.1761049157569151,PeMS7_228,0.2,46,182,random,8,25,2101,,,,,50
gsp,3.689595407927359,6.478906833693845,0.088911632446409,PeMS7_228,0.2,46,182,random,8,25,2101,,16.416978405051715,96.18318041566091,662.997783821861,50
gls_map,3.3457253269068628,5.800311566391836,0.0793123719647366,PeMS7_228,0.2,46,182,random,8,25,2101,,311.7161736991884,1177.6167189163004,127.87620281449976,50
historical_tod_mean,4.011150221306472,6.953383372073933,0.0928667312842121,PeMS7_228,0.2,46,182,random,9,25,2101,,,,,50
neighbor_average,7.573406021062271,11.382558631436243,0.1929412724659375,PeMS7_228,0.2,46,182,random,9,25,2101,,,,,50
gsp,3.76719627637239,6.581817555130276,0.0910299505678072,PeMS7_228,0.2,46,182,random,9,25,2101,,16.416565678203206,97.2036332088704,663.0203281999558,50
gls_map,3.5182770729686954,6.0250506677769895,0.082867744514015,PeMS7_228,0.2,46,182,random,9,25,2101,,310.0621649272084,984.9831088564462,129.70630294214288,50
historical_tod_mean,4.059256143162392,6.985776569652917,0.0945782780407379,PeMS7_228,0.2,46,182,random,10,25,2101,,,,,50
neighbor_average,7.290803380647131,11.731330944221533,0.1870942350163655,PeMS7_228,0.2,46,182,random,10,25,2101,,,,,50
gsp,3.785887969607371,6.595969832994951,0.0911246418424904,PeMS7_228,0.2,46,182,random,10,25,2101,,16.419604626371363,97.406126331934,662.9874647698448,50
gls_map,3.4264549824035164,6.016365573369528,0.0821949946836731,PeMS7_228,0.2,46,182,random,10,25,2101,,287.93317500141075,871.9940457483324,135.0178673444471,50
historical_tod_mean,3.890375553266178,6.72719092788795,0.0878884724437645,PeMS7_228,0.2,46,182,random,11,25,2101,,,,,50
neighbor_average,7.308809015059015,11.162860512943531,0.1734686540619922,PeMS7_228,0.2,46,182,random,11,25,2101,,,,,50
gsp,3.6539993078914583,6.33694493994594,0.0842450776641203,PeMS7_228,0.2,46,182,random,11,25,2101,,16.422033933456962,97.346951913767,662.9309268164498,50
gls_map,3.426234892885589,5.85359487882385,0.078897796112189,PeMS7_228,0.2,46,182,random,11,25,2101,,299.202482877223,938.9534026406204,133.40653497255116,50
historical_tod_mean,4.127219265109891,7.11204783702427,0.0954977707732281,PeMS7_228,0.2,46,182,random,12,25,2101,,,,,50
neighbor_average,6.999496019027268,10.783331643231772,0.1796811343367351,PeMS7_228,0.2,46,182,random,12,25,2101,,,,,50
gsp,3.874581380919606,6.732390277945258,0.0917208630213345,PeMS7_228,0.2,46,182,random,12,25,2101,,16.416079646118217,95.05544425413616,663.0221774684662,50
gls_map,3.537865332089034,6.148766596315192,0.0821048647865003,PeMS7_228,0.2,46,182,random,12,25,2101,,294.3210821926877,1104.2116303351495,135.21056589839847,50
historical_tod_mean,3.9737437042124544,6.826169043060994,0.0915460011821905,PeMS7_228,0.2,46,182,random,13,25,2101,,,,,50
neighbor_average,6.947257834757833,10.587166929357576,0.1695394195864722,PeMS7_228,0.2,46,182,random,13,25,2101,,,,,50
gsp,3.7397122491665713,6.451234110764202,0.088988166200851,PeMS7_228,0.2,46,182,random,13,25,2101,,16.419103320613605,96.76981727189168,662.9749426232349,50
gls_map,3.38979478823409,5.777264557105533,0.0794764649852371,PeMS7_228,0.2,46,182,random,13,25,2101,,293.583592394136,890.0837631417671,132.79278843445385,50
historical_tod_mean,3.88074705242674,6.711275412695398,0.0896939187308241,PeMS7_228,0.2,46,182,random,14,25,2101,,,,,50
neighbor_average,7.900480133292633,11.924176281901632,0.1854576305909583,PeMS7_228,0.2,46,182,random,14,25,2101,,,,,50
gsp,3.797704525112585,6.46512103159349,0.0875489695557744,PeMS7_228,0.2,46,182,random,14,25,2101,,16.42028197344664,96.85740865317672,662.9733242754756,50
gls_map,3.4345768959109324,5.815030936667919,0.0784317352400912,PeMS7_228,0.2,46,182,random,14,25,2101,,304.94719799758224,1150.1788501340857,133.4126052175332,50
historical_tod_mean,3.996509128891941,6.847596503872424,0.089993810688375,PeMS7_228,0.2,46,182,random,15,25,2101,,,,,50
neighbor_average,7.228071899165648,11.025699032474586,0.1766614032546195,PeMS7_228,0.2,46,182,random,15,25,2101,,,,,50
gsp,3.7906531427112737,6.505531987403715,0.0868734163311676,PeMS7_228,0.2,46,182,random,15,25,2101,,16.419276081666517,97.40038326488742,662.9802474668995,50
gls_map,3.469384167743556,5.919497106774958,0.0802073486544708,PeMS7_228,0.2,46,182,random,15,25,2101,,303.02869567001915,986.262388063227,131.30477642390832,50
historical_tod_mean,4.100899200625763,7.051546689472371,0.0971925602770705,PeMS7_228,0.2,46,182,random,16,25,2101,,,,,50
neighbor_average,7.220735398860397,11.3325757691545,0.1986177713415308,PeMS7_228,0.2,46,182,random,16,25,2101,,,,,50
gsp,3.8460164713053975,6.695515839474361,0.0969406426309162,PeMS7_228,0.2,46,182,random,16,25,2101,,16.418154212736347,96.0701875277594,662.9728620666921,50
gls_map,3.609386750665555,6.195411311786555,0.0922305795747254,PeMS7_228,0.2,46,182,random,16,25,2101,,292.9495721696917,839.8948345403305,132.60897584862693,50
historical_tod_mean,4.083394097222223,7.054811222931632,0.096566136155535,PeMS7_228,0.2,46,182,random,17,25,2101,,,,,50
neighbor_average,7.241062525437524,11.636734798048256,0.1920738100081804,PeMS7_228,0.2,46,182,random,17,25,2101,,,,,50
gsp,3.89827352004207,6.726665384547308,0.0970269710579246,PeMS7_228,0.2,46,182,random,17,25,2101,,16.423588669098418,97.32189962681048,662.9191240640656,50
gls_map,3.556756524335955,6.245069929280537,0.0889923366343724,PeMS7_228,0.2,46,182,random,17,25,2101,,309.2937343464857,1039.8286503160346,131.1659291316129,50
historical_tod_mean,3.953057844932845,6.782242108991896,0.0893909663358283,PeMS7_228,0.2,46,182,random,18,25,2101,,,,,50
neighbor_average,7.446323641636142,11.396111962442916,0.1788116267465478,PeMS7_228,0.2,46,182,random,18,25,2101,,,,,50
gsp,3.7382029820038927,6.397131057637559,0.0863798724658884,PeMS7_228,0.2,46,182,random,18,25,2101,,16.41443213900571,97.37669831907468,663.0166341482949,50
gls_map,3.306699141616778,5.6381449629196325,0.0753885918560258,PeMS7_228,0.2,46,182,random,18,25,2101,,293.1874042181846,789.0903317184873,133.11125628045752,50
historical_tod_mean,4.05255842681624,6.9352078834131525,0.093282415935805,PeMS7_228,0.2,46,182,random,19,25,2101,,,,,50
neighbor_average,7.367695614570615,11.481730715548029,0.1889041425941579,PeMS7_228,0.2,46,182,random,19,25,2101,,,,,50
gsp,3.821624036983159,6.576555020324341,0.0911940538842114,PeMS7_228,0.2,46,182,random,19,25,2101,,16.41933787761218,97.1485850607878,662.9659950173708,50
gls_map,3.5301844199594923,6.034060002956728,0.0843850417813154,PeMS7_228,0.2,46,182,random,19,25,2101,,296.6222044876464,842.2603403772123,133.0521241162846,50
historical_tod_mean,3.920144612332112,6.843950736713089,0.0915304483348964,PeMS7_228,0.2,46,182,random,20,25,2101,,,,,50
neighbor_average,7.328451554232805,11.263338953018808,0.1814502799802374,PeMS7_228,0.2,46,182,random,20,25,2101,,,,,50
gsp,3.674529267939368,6.4663047506337366,0.0889429399856526,PeMS7_228,0.2,46,182,random,20,25,2101,,16.413629607016713,97.22841941055869,663.0513153748335,50
gls_map,3.341822023724348,5.818584169170548,0.0804048007884775,PeMS7_228,0.2,46,182,random,20,25,2101,,305.3345924306656,1036.7608205820118,133.2590796703266,50
historical_tod_mean,3.981267694978632,6.839010872499159,0.0916998610771216,PeMS7_228,0.2,46,182,random,21,25,2101,,,,,50
neighbor_average,7.126916717541718,11.121525723318188,0.1734548698672319,PeMS7_228,0.2,46,182,random,21,25,2101,,,,,50
gsp,3.750943195961312,6.475581348093002,0.0893272608004273,PeMS7_228,0.2,46,182,random,21,25,2101,,16.42134617201385,94.89562150376828,662.9615389015885,50
gls_map,3.4184986199951157,5.9662324754631335,0.0818958137553121,PeMS7_228,0.2,46,182,random,21,25,2101,,302.0911413063412,986.8952452309932,130.39442488440994,50
historical_tod_mean,3.941967910561661,6.861508158345423,0.0915098020569666,PeMS7_228,0.2,46,182,random,22,25,2101,,,,,50
neighbor_average,7.288201121794873,11.06838715501888,0.1734546689232476,PeMS7_228,0.2,46,182,random,22,25,2101,,,,,50
gsp,3.73770803460552,6.507089162739271,0.0896829872110056,PeMS7_228,0.2,46,182,random,22,25,2101,,16.420281983590655,97.17129412267406,662.9594797368798,50
gls_map,3.3576623115467843,5.890103632763129,0.0804133843055066,PeMS7_228,0.2,46,182,random,22,25,2101,,299.21917578176567,880.4940577711614,131.81997038482228,50
historical_tod_mean,3.977371222527472,6.891155175590342,0.0933096383648331,PeMS7_228,0.2,46,182,random,23,25,2101,,,,,50
neighbor_average,7.423186622405371,11.30176007637401,0.1892814236196934,PeMS7_228,0.2,46,182,random,23,25,2101,,,,,50
gsp,3.739748201164903,6.555262405472454,0.092523486200023,PeMS7_228,0.2,46,182,random,23,25,2101,,16.411123844442752,97.3203374238802,663.0776907884007,50
gls_map,3.4377238967609887,6.019492325000549,0.0846782967476988,PeMS7_228,0.2,46,182,random,23,25,2101,,298.40737113036306,962.6586124930508,133.42227089534373,50
historical_tod_mean,4.107869066697192,7.038280239735009,0.0938448641365606,PeMS7_228,0.2,46,182,random,24,25,2101,,,,,50
neighbor_average,6.98181057946683,11.033356686743744,0.1843497563568868,PeMS7_228,0.2,46,182,random,24,25,2101,,,,,50
gsp,3.8755337268721504,6.640445906939761,0.0915820059353148,PeMS7_228,0.2,46,182,random,24,25,2101,,16.4111744664643,96.8973554494558,663.0761493411234,50
gls_map,3.585224715325249,6.155037680890727,0.0839882560565965,PeMS7_228,0.2,46,182,random,24,25,2101,,299.43000324605646,995.8113814649256,133.3203000825957,50
historical_tod_mean,3.902793803418803,6.705919531998646,0.0891768132696421,PeMS7_228,0.2,46,182,random,25,25,2101,,,,,50
neighbor_average,7.21338617979243,11.059218871203871,0.1768623860237428,PeMS7_228,0.2,46,182,random,25,25,2101,,,,,50
gsp,3.686200324666196,6.3574966299221405,0.0859366121159474,PeMS7_228,0.2,46,182,random,25,25,2101,,16.418494745756796,97.15069631800417,662.9587142136253,50
gls_map,3.4374849051275858,5.861043995472356,0.080474499539808,PeMS7_228,0.2,46,182,random,25,25,2101,,291.8467789626359,891.0131492820743,134.59300133680196,50
historical_tod_mean,4.123038719093406,7.078209205794417,0.0955892600095031,PeMS7_228,0.2,46,182,random,26,25,2101,,,,,50
neighbor_average,7.0426294770044775,11.015091396853707,0.1781050997681094,PeMS7_228,0.2,46,182,random,26,25,2101,,,,,50
gsp,3.8693155254151343,6.679439815861047,0.09278773566581,PeMS7_228,0.2,46,182,random,26,25,2101,,16.414752801224854,97.24812049847924,663.0302425413196,50
gls_map,3.519919957321183,6.112507154419214,0.0838817907882818,PeMS7_228,0.2,46,182,random,26,25,2101,,287.8284742870218,689.9868615786313,134.6758949023855,50
historical_tod_mean,4.054471106150793,7.015032092784853,0.0944315932083468,PeMS7_228,0.2,46,182,random,27,25,2101,,,,,50
neighbor_average,7.146564344220593,11.034096534046933,0.1730307600823944,PeMS7_228,0.2,46,182,random,27,25,2101,,,,,50
gsp,3.771757390221035,6.660047393157725,0.0916320393619087,PeMS7_228,0.2,46,182,random,27,25,2101,,16.41564038729262,97.19666660170496,663.0255262071529,50
gls_map,3.501190530567563,6.158500368019616,0.0829787891611831,PeMS7_228,0.2,46,182,random,27,25,2101,,309.8074600630996,940.6857482552068,131.43353643617985,50
historical_tod_mean,4.036239507020757,6.961983321627445,0.0949105107865916,PeMS7_228,0.2,46,182,random,28,25,2101,,,,,50
neighbor_average,7.10312658984534,11.18652381439882,0.1891223800329322,PeMS7_228,0.2,46,182,random,28,25,2101,,,,,50
gsp,3.7891704717056585,6.590915335388443,0.0938014575012474,PeMS7_228,0.2,46,182,random,28,25,2101,,16.41766282883995,97.16638689220086,662.9874730514972,50
gls_map,3.47067470296944,6.021220225702168,0.0853094938769987,PeMS7_228,0.2,46,182,random,28,25,2101,,292.63885890875974,837.1938523947716,132.85873706496756,50
historical_tod_mean,3.908163299374237,6.719723141832118,0.0895898861005516,PeMS7_228,0.2,46,182,random,29,25,2101,,,,,50
neighbor_average,7.261425900488401,11.27186220183325,0.1789651066155772,PeMS7_228,0.2,46,182,random,29,25,2101,,,,,50
gsp,3.689159411167369,6.348007183513693,0.0876513533384745,PeMS7_228,0.2,46,182,random,29,25,2101,,16.410522332008775,97.2885354262021,663.0874013079865,50
gls_map,3.4699178782236024,5.968739524431153,0.081790488055338,PeMS7_228,0.2,46,182,random,29,25,2101,,304.1190353762216,1034.3961560112116,135.0016678722296,50
historical_tod_mean,3.926006276709401,6.782576914037018,0.0898926677895774,PeMS7_228,0.2,46,182,random,30,25,2101,,,,,50
neighbor_average,7.615664110195359,11.85404834313598,0.1914351171431086,PeMS7_228,0.2,46,182,random,30,25,2101,,,,,50
gsp,3.6984346715273215,6.386686495505383,0.0868720589810388,PeMS7_228,0.2,46,182,random,30,25,2101,,16.412514194173447,95.26183576988043,663.0705491517242,50
gls_map,3.3780566029214376,5.728439625984481,0.0796666972260102,PeMS7_228,0.2,46,182,random,30,25,2101,,297.64000124045083,818.6599658037312,132.1069467126984,50
historical_tod_mean,4.109999093788155,7.069290212852634,0.094596907883917,PeMS7_228,0.2,46,182,random,31,25,2101,,,,,50
neighbor_average,7.0397273733211225,10.885555311494738,0.1788729890210769,PeMS7_228,0.2,46,182,random,31,25,2101,,,,,50
gsp,3.84167031176332,6.690157885993497,0.091213265853703,PeMS7_228,0.2,46,182,random,31,25,2101,,16.411193842271487,96.9274628051021,663.0667490268833,50
gls_map,3.559396068865024,6.175887251056304,0.0842531188013884,PeMS7_228,0.2,46,182,random,31,25,2101,,296.0589785396227,950.9112010656524,133.93097477518933,50
historical_tod_mean,3.945379893543956,6.834085279601059,0.0894699685809301,PeMS7_228,0.2,46,182,random,32,25,2101,,,,,50
neighbor_average,7.686978848697599,12.028111310662435,0.1834844534529373,PeMS7_228,0.2,46,182,random,32,25,2101,,,,,50
gsp,3.747667419860493,6.5040767630961565,0.0857752864970763,PeMS7_228,0.2,46,182,random,32,25,2101,,16.42055615852763,97.15860919503996,662.9567420610543,50
gls_map,3.44467169959172,5.8889140931195305,0.0780481420937157,PeMS7_228,0.2,46,182,random,32,25,2101,,296.12598925663303,1004.6392894099482,134.41488804925802,50
historical_tod_mean,4.021748702686202,6.979444884461938,0.092889791406143,PeMS7_228,0.2,46,182,random,33,25,2101,,,,,50
neighbor_average,7.245639054232805,11.101164581782337,0.1794283381338806,PeMS7_228,0.2,46,182,random,33,25,2101,,,,,50
gsp,3.777589952304662,6.564261373076725,0.0905227673676617,PeMS7_228,0.2,46,182,random,33,25,2101,,16.418805889105464,97.25290607047842,662.9825122276575,50
gls_map,3.3974138490238257,5.982417093378373,0.0809411696082642,PeMS7_228,0.2,46,182,random,33,25,2101,,296.4499243292066,738.5690501565472,132.0194759601057,50
historical_tod_mean,4.020064865689865,6.933728549892154,0.0937683093511625,PeMS7_228,0.2,46,182,random,34,25,2101,,,,,50
neighbor_average,6.974453093203091,10.749545799444247,0.1742957452379432,PeMS7_228,0.2,46,182,random,34,25,2101,,,,,50
gsp,3.753635539923653,6.54205878042361,0.0912292939995387,PeMS7_228,0.2,46,182,random,34,25,2101,,16.418695853006444,97.23860888761315,662.9808745576655,50
gls_map,3.353916746051611,5.854113539236476,0.0811698493305888,PeMS7_228,0.2,46,182,random,34,25,2101,,290.94369834095926,857.6173650265831,133.28547052588857,50
historical_tod_mean,3.966843998015873,6.852691270271967,0.0916461438261796,PeMS7_228,0.2,46,182,random,35,25,2101,,,,,50
neighbor_average,7.254820729039479,11.297346769871051,0.174722913094718,PeMS7_228,0.2,46,182,random,35,25,2101,,,,,50
gsp,3.6959653270638655,6.511923594370604,0.0897566704093975,PeMS7_228,0.2,46,182,random,35,25,2101,,16.41769907291594,97.22980950683888,662.9721100748123,50
gls_map,3.458550245164546,6.069015242521437,0.0839206223105195,PeMS7_228,0.2,46,182,random,35,25,2101,,311.57394632488,952.0978174583556,129.94835409186902,50
historical_tod_mean,3.906206692612944,6.765575239972514,0.090148701914303,PeMS7_228,0.2,46,182,random,36,25,2101,,,,,50
neighbor_average,7.177064573158323,11.285978115988796,0.1852590902011544,PeMS7_228,0.2,46,182,random,36,25,2101,,,,,50
gsp,3.704618145059897,6.413301268636779,0.0894411065615499,PeMS7_228,0.2,46,182,random,36,25,2101,,16.415676399593593,96.81259031569766,663.0026078162749,50
gls_map,3.4531545982109537,5.927011700831331,0.0824968932433243,PeMS7_228,0.2,46,182,random,36,25,2101,,306.720103920259,967.8768553626516,130.14681870746043,50
historical_tod_mean,3.9433528884310136,6.896453772817988,0.0910854120959231,PeMS7_228,0.2,46,182,random,37,25,2101,,,,,50
neighbor_average,7.4761815730565715,11.396804847280857,0.1769621747209425,PeMS7_228,0.2,46,182,random,37,25,2101,,,,,50
gsp,3.661758063265375,6.513687426427786,0.0875743510471561,PeMS7_228,0.2,46,182,random,37,25,2101,,16.415368165022727,97.1800883746876,663.0056009715955,50
gls_map,3.2451264242654587,5.744479827836307,0.0762434589807788,PeMS7_228,0.2,46,182,random,37,25,2101,,299.3578553745082,897.319727021925,131.9528951876919,50
historical_tod_mean,4.024841031364469,6.902370401265028,0.0927635391967597,PeMS7_228,0.2,46,182,random,38,25,2101,,,,,50
neighbor_average,7.036563263125763,10.937789448076169,0.1762312027192734,PeMS7_228,0.2,46,182,random,38,25,2101,,,,,50
gsp,3.7674095610741976,6.517701985426675,0.0892890449790261,PeMS7_228,0.2,46,182,random,38,25,2101,,16.420130009001674,97.22167303929112,662.9727846255057,50
gls_map,3.488464441078371,5.936163681356609,0.0815709265655132,PeMS7_228,0.2,46,182,random,38,25,2101,,299.53518135249647,864.1703836802662,131.38231832519773,50
historical_tod_mean,4.033391712454213,6.957060994995419,0.0938111751776168,PeMS7_228,0.2,46,182,random,39,25,2101,,,,,50
neighbor_average,7.255776862026861,11.32416275719781,0.1787658089868015,PeMS7_228,0.2,46,182,random,39,25,2101,,,,,50
gsp,3.793878902546978,6.5683372247508425,0.0919597535736789,PeMS7_228,0.2,46,182,random,39,25,2101,,16.41331695680436,96.8387934536512,663.0355946008088,50
gls_map,3.4141163827392624,5.945459134817135,0.0809538811952866,PeMS7_228,0.2,46,182,random,39,25,2101,,306.1848142231716,978.005387551627,131.28397825376553,50
historical_tod_mean,4.041403769841271,6.949949093183096,0.0941870339862881,PeMS7_228,0.2,46,182,random,40,25,2101,,,,,50
neighbor_average,7.251042938542938,11.24008014975852,0.1876820600531461,PeMS7_228,0.2,46,182,random,40,25,2101,,,,,50
gsp,3.8178525703256687,6.582399289864084,0.0916749540606062,PeMS7_228,0.2,46,182,random,40,25,2101,,16.418190964296876,97.1969602410734,662.9902277298696,50
gls_map,3.541818310636904,6.054035887414235,0.0837118963595341,PeMS7_228,0.2,46,182,random,40,25,2101,,296.163939689879,940.0515718914183,135.10135469618552,50
historical_tod_mean,4.052425881410255,6.9745331080918245,0.0943576558225841,PeMS7_228,0.2,46,182,random,41,25,2101,,,,,50
neighbor_average,7.324859775641026,11.526308678565666,0.1906841151014956,PeMS7_228,0.2,46,182,random,41,25,2101,,,,,50
gsp,3.858829751333147,6.623519185103582,0.0917931023813687,PeMS7_228,0.2,46,182,random,41,25,2101,,16.421044370719013,97.21689645572108,662.9363006746327,50
gls_map,3.488223571506341,6.0532530512236375,0.0823437737423415,PeMS7_228,0.2,46,182,random,41,25,2101,,298.2544304700501,951.3351978309224,133.82096781918094,50
historical_tod_mean,3.888535657051283,6.74105154175256,0.0916819161489406,PeMS7_228,0.2,46,182,random,42,25,2101,,,,,50
neighbor_average,7.229561266280015,11.162934291959118,0.185575807406283,PeMS7_228,0.2,46,182,random,42,25,2101,,,,,50
gsp,3.63086766600968,6.386666290407122,0.0905802698584672,PeMS7_228,0.2,46,182,random,42,25,2101,,16.418388804788766,97.18821173490444,662.9905976753734,50
gls_map,3.326336636241937,5.778115385821241,0.0834230709530347,PeMS7_228,0.2,46,182,random,42,25,2101,,300.49279198615454,807.6731700153498,132.1700382394961,50
historical_tod_mean,4.011092986874236,6.920604337570686,0.0940250889733201,PeMS7_228,0.2,46,182,random,43,25,2101,,,,,50
neighbor_average,7.116784633190885,11.076629588578935,0.1787475212806158,PeMS7_228,0.2,46,182,random,43,25,2101,,,,,50
gsp,3.744343323222143,6.5674972111905126,0.0922037087050784,PeMS7_228,0.2,46,182,random,43,25,2101,,16.421092089360577,94.53651424033666,662.9435081059479,50
gls_map,3.43080540270376,6.0041779903885,0.0846191890287646,PeMS7_228,0.2,46,182,random,43,25,2101,,307.6025124964084,940.7256924251814,130.0740195036689,50
historical_tod_mean,3.943083886599512,6.82583173596074,0.0916741118486926,PeMS7_228,0.2,46,182,random,44,25,2101,,,,,50
neighbor_average,6.993680364774116,10.659577385934222,0.172962089036313,PeMS7_228,0.2,46,182,random,44,25,2101,,,,,50
gsp,3.6783670386139264,6.4227004936062295,0.0882339353656401,PeMS7_228,0.2,46,182,random,44,25,2101,,16.41593337356342,96.13538887848844,663.0221244470735,50
gls_map,3.299034396483663,5.730600496130859,0.077839847407652,PeMS7_228,0.2,46,182,random,44,25,2101,,301.2204662529521,903.3076365240826,131.64505523881476,50
historical_tod_mean,3.907283510760073,6.752789152828099,0.091865286727517,PeMS7_228,0.2,46,182,random,45,25,2101,,,,,50
neighbor_average,7.011156898656899,10.85192685040329,0.1755105213318499,PeMS7_228,0.2,46,182,random,45,25,2101,,,,,50
gsp,3.712760804172599,6.405558677298001,0.0903971515301315,PeMS7_228,0.2,46,182,random,45,25,2101,,16.418684532688392,97.24804905620763,662.9820196831425,50
gls_map,3.342674151830513,5.74202313881401,0.0817719674858188,PeMS7_228,0.2,46,182,random,45,25,2101,,293.0875303729488,793.0559885248862,133.03447468083405,50
historical_tod_mean,4.010736177884616,6.892859029271397,0.0924731654229187,PeMS7_228,0.2,46,182,random,46,25,2101,,,,,50
neighbor_average,7.174112230362232,11.156928975770953,0.1793355672841206,PeMS7_228,0.2,46,182,random,46,25,2101,,,,,50
gsp,3.769128790107129,6.524776561412842,0.089810824282743,PeMS7_228,0.2,46,182,random,46,25,2101,,16.40717523443196,97.37546611144496,663.1239055696847,50
gls_map,3.4617184660669427,5.913375268620262,0.0805067578161223,PeMS7_228,0.2,46,182,random,46,25,2101,,291.27842271878643,737.3684315090815,130.993941304241,50
historical_tod_mean,3.965695398351648,6.856464354032627,0.0915936614020927,PeMS7_228,0.2,46,182,random,47,25,2101,,,,,50
neighbor_average,7.316832010582011,11.262064706873682,0.1756298895145896,PeMS7_228,0.2,46,182,random,47,25,2101,,,,,50
gsp,3.723789843650775,6.484626324386417,0.0883015082934097,PeMS7_228,0.2,46,182,random,47,25,2101,,16.417089215294993,97.26502937411507,662.9931513245408,50
gls_map,3.4438831415430533,5.903938914743439,0.0797453397008288,PeMS7_228,0.2,46,182,random,47,25,2101,,299.4999512444806,976.0477635897988,132.62100246104745,50
historical_tod_mean,3.906734346382785,6.72039633570869,0.0888473584075185,PeMS7_228,0.2,46,182,random,48,25,2101,,,,,50
neighbor_average,7.168960495522994,10.785081252913024,0.1656652972069634,PeMS7_228,0.2,46,182,random,48,25,2101,,,,,50
gsp,3.7185500665308,6.373524942418627,0.0858712658199509,PeMS7_228,0.2,46,182,random,48,25,2101,,16.41869425604714,97.41476818076504,662.9726197576341,50
gls_map,3.337815449764564,5.627953056233519,0.075671838120213,PeMS7_228,0.2,46,182,random,48,25,2101,,300.09177468021323,802.3348201712538,131.56984862174886,50
historical_tod_mean,4.004062070741758,6.862507363186644,0.0907769537085656,PeMS7_228,0.2,46,182,random,49,25,2101,,,,,50
neighbor_average,7.05219176078551,11.024911784981436,0.1691453129389346,PeMS7_228,0.2,46,182,random,49,25,2101,,,,,50
gsp,3.773065702245196,6.486107852875208,0.0869199675927816,PeMS7_228,0.2,46,182,random,49,25,2101,,16.412838079930925,95.49586564021732,663.0636763925885,50
gls_map,3.341247569588547,5.767392347970377,0.0756246098092226,PeMS7_228,0.2,46,182,random,49,25,2101,,294.3721320202786,725.916710743593,131.4224646902228,50
historical_tod_mean,3.957353861416362,6.852486533173105,0.0912849973653221,PeMS7_228,0.2,46,182,best_random_by_validation,8,25,2101,3.4640302094736426,,,,50
neighbor_average,7.410293612637363,11.529918592222042,0.1761049157569151,PeMS7_228,0.2,46,182,best_random_by_validation,8,25,2101,3.4640302094736426,,,,50
gsp,3.689595407927359,6.478906833693845,0.088911632446409,PeMS7_228,0.2,46,182,best_random_by_validation,8,25,2101,3.4640302094736426,16.416978405051715,96.18318041566091,662.997783821861,50
gls_map,3.3457253269068628,5.800311566391836,0.0793123719647366,PeMS7_228,0.2,46,182,best_random_by_validation,8,25,2101,3.4640302094736426,311.7161736991884,1177.6167189163004,127.87620281449976,50
historical_tod_mean,4.123038719093406,7.078209205794417,0.0955892600095031,PeMS7_228,0.2,46,182,best_random_by_trace,26,25,2101,,,,,50
neighbor_average,7.0426294770044775,11.015091396853707,0.1781050997681094,PeMS7_228,0.2,46,182,best_random_by_trace,26,25,2101,,,,,50
gsp,3.8693155254151343,6.679439815861047,0.09278773566581,PeMS7_228,0.2,46,182,best_random_by_trace,26,25,2101,,16.414752801224854,97.24812049847924,663.0302425413196,50
gls_map,3.519919957321183,6.112507154419214,0.0838817907882818,PeMS7_228,0.2,46,182,best_random_by_trace,26,25,2101,,287.8284742870218,689.9868615786313,134.6758949023855,50
historical_tod_mean,4.047049278846153,6.917114388916159,0.093250430926549,PeMS7_228,0.2,46,182,degree,0,25,2101,,,,,50
neighbor_average,7.597360538766789,11.785040826294225,0.191119895789398,PeMS7_228,0.2,46,182,degree,0,25,2101,,,,,50
gsp,3.8417008256117127,6.601868992128511,0.0909552773542889,PeMS7_228,0.2,46,182,degree,0,25,2101,,16.452240748498788,97.29289036225364,662.6095256146551,50
gls_map,3.829606502382573,6.524393656980027,0.092460775107724,PeMS7_228,0.2,46,182,degree,0,25,2101,,345.52830860088835,1652.5023737186611,127.049226238847,50
historical_tod_mean,3.5352869352869347,6.035015861827912,0.0768353384198482,PeMS7_228,0.2,46,182,top_variance,0,25,2101,,,,,50
neighbor_average,9.188632605820104,14.474583205197446,0.1764365017235266,PeMS7_228,0.2,46,182,top_variance,0,25,2101,,,,,50
gsp,3.310899017512743,5.744710625447487,0.0730477240294544,PeMS7_228,0.2,46,182,top_variance,0,25,2101,,16.416620624543675,96.47966839827232,663.1021327927732,50
gls_map,3.208908806354434,5.455354961004556,0.0689358287995978,PeMS7_228,0.2,46,182,top_variance,0,25,2101,,365.34597494398486,1514.6376830720258,118.93252138574526,50
historical_tod_mean,4.006775316697191,6.934377877927549,0.0938192087173329,PeMS7_228,0.2,46,182,coverage,0,25,2101,,,,,50
neighbor_average,7.01462148962149,10.818484143732563,0.1799128808464455,PeMS7_228,0.2,46,182,coverage,0,25,2101,,,,,50
gsp,3.7681322854937584,6.558833484687873,0.0902448187610779,PeMS7_228,0.2,46,182,coverage,0,25,2101,,16.413723520631976,96.81763732378012,663.0232662176555,50
gls_map,3.416141369928642,5.936226831090893,0.0809585062356918,PeMS7_228,0.2,46,182,coverage,0,25,2101,,304.99176202041605,1283.125553476915,135.2705595197179,50
historical_tod_mean,4.090243103250915,7.0166498096616685,0.0947169022014159,PeMS7_228,0.2,46,182,scenario_average_a_trace,0,25,2101,,,,,50
neighbor_average,7.283534607753357,11.229529207847689,0.1885500949281628,PeMS7_228,0.2,46,182,scenario_average_a_trace,0,25,2101,,,,,50
gsp,3.8883852878377465,6.677262367488894,0.0917174993880175,PeMS7_228,0.2,46,182,scenario_average_a_trace,0,25,2101,,16.41783792490712,96.22845860324156,662.9862280357479,50
gls_map,3.508071735165817,6.034652783385035,0.08255709366413,PeMS7_228,0.2,46,182,scenario_average_a_trace,0,25,2101,,276.60680416259913,843.3767736997646,138.78344548171864,50
historical_tod_mean,4.061698145604396,6.992734401228264,0.0954201664535801,PeMS7_228,0.2,46,182,scenario_cvar_a_trace,0,25,2101,,,,,50
neighbor_average,7.347151315120066,11.364138267015306,0.1946206282346302,PeMS7_228,0.2,46,182,scenario_cvar_a_trace,0,25,2101,,,,,50
gsp,3.839047676595983,6.628052610864006,0.0946341422165481,PeMS7_228,0.2,46,182,scenario_cvar_a_trace,0,25,2101,,16.42107553400635,95.35689118119149,662.9827942940411,50
gls_map,3.5272214891804867,6.06905335386339,0.0882168881018369,PeMS7_228,0.2,46,182,scenario_cvar_a_trace,0,25,2101,,280.1272824275949,796.9195420911111,137.56851802494756,50
historical_tod_mean,4.038314922924298,6.992462984389007,0.094062202100841,PeMS7_228,0.2,46,182,greedy_a_trace,0,25,2101,,,,,50
neighbor_average,6.905160955942205,10.655900004487034,0.1829616592085504,PeMS7_228,0.2,46,182,greedy_a_trace,0,25,2101,,,,,50
gsp,3.80480344729374,6.600650142738256,0.0904422946205165,PeMS7_228,0.2,46,182,greedy_a_trace,0,25,2101,,16.416714893392893,97.3824945123404,662.9954234400815,50
gls_map,3.3361253911477613,5.719963893532371,0.0788135506733062,PeMS7_228,0.2,46,182,greedy_a_trace,0,25,2101,,252.7847156076752,827.4429067049239,141.7901339056718,50
historical_tod_mean,4.105857514880952,7.033330448283351,0.0958106457017055,PeMS7_228,0.2,46,182,greedy_d_logdet,0,25,2101,,,,,50
neighbor_average,7.614149623524623,12.291048983190034,0.2177426782343651,PeMS7_228,0.2,46,182,greedy_d_logdet,0,25,2101,,,,,50
gsp,3.906416620549392,6.67990834216012,0.0934608381583451,PeMS7_228,0.2,46,182,greedy_d_logdet,0,25,2101,,16.418780479764198,97.38510401648516,662.9752196501502,50
gls_map,3.913042402747825,6.4402312146139415,0.0938880236914373,PeMS7_228,0.2,46,182,greedy_d_logdet,0,25,2101,,285.7083645759104,2495.738821564474,150.17254298083807,50
historical_tod_mean,4.037069930937119,6.977199693424496,0.0933358640393698,PeMS7_228,0.2,46,182,swap_from_greedy_a_trace,0,25,2101,,,,,50
neighbor_average,6.952404164122914,10.808307052925016,0.1852046123833183,PeMS7_228,0.2,46,182,swap_from_greedy_a_trace,0,25,2101,,,,,50
gsp,3.791230780910372,6.575399029486611,0.0895502244053093,PeMS7_228,0.2,46,182,swap_from_greedy_a_trace,0,25,2101,,16.41681674746461,97.38180272377647,662.9919510102702,50
gls_map,3.3341049852492506,5.7727662071376695,0.0790240324570735,PeMS7_228,0.2,46,182,swap_from_greedy_a_trace,0,25,2101,,249.30639316256529,854.5465569043888,143.81740738827284,50
historical_tod_mean,4.067441525488401,6.99712859149404,0.0940491251642999,PeMS7_228,0.2,46,182,swap_from_scenario_average,0,25,2101,,,,,50
neighbor_average,7.020743984025234,10.912791100380602,0.1859094475445018,PeMS7_228,0.2,46,182,swap_from_scenario_average,0,25,2101,,,,,50
gsp,3.866014786440255,6.6402453154416445,0.0906688357377184,PeMS7_228,0.2,46,182,swap_from_scenario_average,0,25,2101,,16.41688863757255,97.25881525076836,662.9910943696285,50
gls_map,3.330989612507844,5.789078783509018,0.0787162466828756,PeMS7_228,0.2,46,182,swap_from_scenario_average,0,25,2101,,251.1168872522984,850.1390367533809,143.24680730150848,50
historical_tod_mean,4.006746508699634,6.909505756246356,0.0918642441909027,PeMS7_228,0.2,46,182,swap_from_scenario_cvar,0,25,2101,,,,,50
neighbor_average,6.939382694851444,10.848473445222318,0.1797839874439183,PeMS7_228,0.2,46,182,swap_from_scenario_cvar,0,25,2101,,,,,50
gsp,3.7786312541609175,6.515956386768968,0.088080457932071,PeMS7_228,0.2,46,182,swap_from_scenario_cvar,0,25,2101,,16.417062903995813,97.2451368642573,662.9874346813459,50
gls_map,3.353091745691051,5.665274616581266,0.0769324933936518,PeMS7_228,0.2,46,182,swap_from_scenario_cvar,0,25,2101,,252.20783970161008,843.8176081186758,143.35347561671804,50
historical_tod_mean,4.022487026862026,6.909293339659192,0.0921625634792686,PeMS7_228,0.2,46,182,swap_from_best_random_trace,26,25,2101,,,,,50
neighbor_average,6.964638024013024,10.957724693167908,0.1830949231516459,PeMS7_228,0.2,46,182,swap_from_best_random_trace,26,25,2101,,,,,50
gsp,3.817858820533685,6.525751204718834,0.0889877487130732,PeMS7_228,0.2,46,182,swap_from_best_random_trace,26,25,2101,,16.411637870415362,97.32164994812656,663.063241939127,50
gls_map,3.366928326233051,5.752433402203011,0.078284474796525,PeMS7_228,0.2,46,182,swap_from_best_random_trace,26,25,2101,,254.49666645202015,857.2568928948817,143.54911791959054,50
historical_tod_mean,3.966168393238706,6.80757004526807,0.0911271918164962,PeMS7_228,0.2,46,182,multistart_swap_by_validation,8,25,2101,3.3864547502485167,,,,50
neighbor_average,6.807468457468459,10.562390267865638,0.175947705389721,PeMS7_228,0.2,46,182,multistart_swap_by_validation,8,25,2101,3.3864547502485167,,,,50
gsp,3.738986170410191,6.425068592676132,0.0876633927877879,PeMS7_228,0.2,46,182,multistart_swap_by_validation,8,25,2101,3.3864547502485167,16.413085081606777,97.24966817813797,663.0429419305754,50
gls_map,3.217680723157086,5.528055774734401,0.075933261900797,PeMS7_228,0.2,46,182,multistart_swap_by_validation,8,25,2101,3.3864547502485167,256.5353992307779,766.3394061968161,140.86884371439544,50
historical_tod_mean,3.966168393238706,6.80757004526807,0.0911271918164962,PeMS7_228,0.2,46,182,rcss_selected,0,25,2101,3.4494496310258005,,,,50
neighbor_average,6.807468457468459,10.562390267865638,0.175947705389721,PeMS7_228,0.2,46,182,rcss_selected,0,25,2101,3.4494496310258005,,,,50
gsp,3.738986170410191,6.425068592676132,0.0876633927877879,PeMS7_228,0.2,46,182,rcss_selected,0,25,2101,3.4494496310258005,16.413085081606777,97.24966817813797,663.0429419305754,50
gls_map,3.217680723157086,5.528055774734401,0.075933261900797,PeMS7_228,0.2,46,182,rcss_selected,0,25,2101,3.4494496310258005,256.5353992307779,766.3394061968161,140.86884371439544,50
historical_tod_mean,3.9247945760836394,6.768177471704636,0.0901420867425993,PeMS7_228,0.2,46,182,validation_swap_selected,0,25,2101,3.344860651116433,,,,50
neighbor_average,6.770237777269027,10.449568363036123,0.1741228792872143,PeMS7_228,0.2,46,182,validation_swap_selected,0,25,2101,3.344860651116433,,,,50
gsp,3.688818420582345,6.378925637401889,0.0867641743942507,PeMS7_228,0.2,46,182,validation_swap_selected,0,25,2101,3.344860651116433,16.413174817651452,94.94053268267012,663.0431944450802,50
gls_map,3.227791735273427,5.530883823279648,0.0762850323690316,PeMS7_228,0.2,46,182,validation_swap_selected,0,25,2101,3.344860651116433,260.9084115059207,864.174155167525,141.32996574859607,50
historical_tod_mean,4.064232581654456,7.031883304558092,0.0951672394159862,PeMS7_228,0.2,46,182,robust_coverage_cvar,0,25,2101,,,,,50
neighbor_average,7.004042658730158,10.852814665382352,0.1848025512314312,PeMS7_228,0.2,46,182,robust_coverage_cvar,0,25,2101,,,,,50
gsp,3.797175935270485,6.625258459270437,0.0929242510953286,PeMS7_228,0.2,46,182,robust_coverage_cvar,0,25,2101,,16.41523950541261,97.2387235513162,663.012363420355,50
gls_map,3.4230588599813885,5.887355824143913,0.0829746595333175,PeMS7_228,0.2,46,182,robust_coverage_cvar,0,25,2101,,276.6253793244582,847.0925354616254,137.90991373756898,50
