source,layout_id,validation_mae,posterior_trace,scenario_cvar_trace,condition_number,coverage_penalty,rcss_score,rcss_validation_weight,rcss_trace_weight,rcss_cvar_weight,rcss_condition_weight,rcss_coverage_weight,auto_weight_selected,auto_weight_tuner_mae,budget,sensors,selected,split_seed
random_validation_pool,45,3.602080809522378,292.5562567366611,205.77026989333183,808.0406185411503,0.0374011053050802,0.1435457337518074,1.0,0.0,0.0,0.0,0.0,False,3.368917603667873,0.2,"[1, 13, 17, 21, 26, 27, 34, 36, 37, 38, 41, 48, 57, 59, 65, 76, 77, 89, 95, 97, 99, 103, 104, 105, 110, 113, 120, 125, 129, 147, 148, 154, 157, 159, 174, 178, 180, 194, 198, 203, 206, 208, 210, 216, 222, 226]",False,25
random_validation_pool,18,3.59423743887272,306.72451732705065,207.92968454315505,940.4080538685748,0.0387745116087156,0.1376642504762294,1.0,0.0,0.0,0.0,0.0,False,3.382709128255045,0.2,"[5, 7, 10, 14, 35, 40, 51, 57, 63, 67, 69, 70, 72, 79, 80, 83, 85, 88, 96, 100, 106, 107, 116, 118, 122, 127, 129, 135, 142, 155, 158, 159, 164, 171, 179, 183, 193, 198, 200, 201, 206, 210, 211, 217, 223, 227]",False,25
random_validation_pool,32,3.5787402051382675,300.8019888326061,207.5442635190857,1052.675496982799,0.0452907199659309,0.1260433893569248,1.0,0.0,0.0,0.0,0.0,False,3.4190144460911345,0.2,"[1, 6, 8, 9, 18, 32, 35, 37, 48, 51, 62, 63, 68, 70, 73, 75, 77, 94, 99, 101, 104, 105, 111, 115, 118, 132, 135, 139, 141, 145, 151, 154, 155, 159, 177, 179, 183, 187, 188, 190, 197, 198, 213, 218, 219, 221]",False,25
random_validation_pool,33,3.610591372946234,298.81560872459283,179.16797946792377,934.9399590190976,0.0388091262355878,0.1499275227401091,1.0,0.0,0.0,0.0,0.0,False,3.388927347055234,0.2,"[0, 9, 11, 17, 25, 26, 31, 37, 50, 58, 66, 68, 71, 75, 77, 78, 79, 86, 88, 94, 95, 100, 108, 122, 125, 126, 128, 132, 145, 152, 153, 159, 161, 168, 171, 180, 182, 187, 190, 210, 212, 213, 214, 219, 223, 224]",False,25
random_validation_pool,34,3.615929169260099,292.5886489575881,188.52074029731068,825.6783570526924,0.0396273360722796,0.1539301589982601,1.0,0.0,0.0,0.0,0.0,False,3.3867502661960973,0.2,"[1, 9, 16, 24, 25, 31, 33, 35, 40, 42, 43, 47, 51, 62, 67, 68, 69, 75, 76, 90, 95, 97, 100, 102, 107, 112, 120, 121, 122, 124, 128, 133, 135, 158, 162, 170, 175, 182, 187, 189, 196, 197, 198, 199, 209, 222]",False,25
random_validation_pool,14,3.5583397356175226,302.7874279237092,203.2280115138139,938.6878573477916,0.0366619914811091,0.1107457544930883,1.0,0.0,0.0,0.0,0.0,False,3.474103329185567,0.2,"[9, 14, 17, 24, 30, 31, 39, 42, 49, 58, 72, 75, 77, 78, 86, 107, 108, 112, 113, 115, 119, 124, 126, 127, 128, 131, 133, 135, 138, 141, 149, 151, 155, 166, 179, 184, 190, 191, 192, 193, 194, 201, 207, 218, 221, 227]",False,25
random_validation_pool,26,3.610641769621665,307.61718398325525,214.8934851276929,1055.2720277629876,0.0391616822612465,0.1499653135340075,1.0,0.0,0.0,0.0,0.0,False,3.4529326017573245,0.2,"[0, 10, 15, 18, 32, 33, 34, 40, 41, 45, 51, 52, 58, 61, 64, 65, 68, 71, 75, 80, 88, 96, 99, 103, 109, 110, 113, 122, 126, 127, 129, 130, 139, 157, 161, 163, 167, 172, 175, 179, 187, 196, 203, 205, 214, 220]",False,25
random_validation_pool,25,3.5793369308907503,296.2912123362938,206.68047437130784,1029.913901173611,0.0415038491434051,0.1264908541893419,1.0,0.0,0.0,0.0,0.0,False,3.500535454015252,0.2,"[0, 4, 7, 10, 17, 22, 24, 26, 45, 52, 53, 57, 64, 68, 79, 93, 97, 102, 117, 121, 122, 126, 127, 129, 131, 134, 135, 136, 138, 152, 176, 179, 183, 185, 187, 201, 202, 205, 207, 214, 216, 217, 218, 220, 221, 226]",False,25
random_validation_pool,27,3.6340194987243777,300.17697019579737,212.97456475607035,877.3401551811555,0.0393505160279065,0.1674954965229491,1.0,0.0,0.0,0.0,0.0,False,3.461715887257767,0.2,"[2, 7, 21, 29, 31, 36, 40, 48, 52, 58, 73, 79, 82, 87, 90, 94, 99, 104, 108, 118, 119, 120, 135, 137, 144, 148, 154, 155, 160, 164, 166, 169, 172, 195, 197, 204, 205, 207, 208, 212, 213, 216, 218, 219, 223, 227]",False,25
random_validation_pool,5,3.6533115280559274,294.01639604299464,196.1813095236444,844.58966482975,0.0370356318252371,0.1819619488855456,1.0,0.0,0.0,0.0,0.0,False,3.449718240562527,0.2,"[4, 11, 12, 17, 22, 23, 24, 27, 30, 32, 34, 44, 48, 53, 61, 62, 67, 69, 71, 72, 75, 83, 85, 98, 104, 108, 111, 118, 127, 129, 131, 140, 143, 155, 158, 160, 163, 164, 174, 178, 184, 188, 204, 207, 213, 219]",False,25
random_validation_pool,19,3.5990515317491787,284.13701795000514,188.71847677632755,895.3236545237392,0.0347908292479229,0.1412741789119339,1.0,0.0,0.0,0.0,0.0,False,3.506088696663351,0.2,"[1, 27, 28, 32, 35, 46, 47, 49, 51, 54, 67, 71, 79, 83, 87, 89, 94, 102, 103, 106, 114, 123, 124, 134, 136, 145, 147, 148, 156, 158, 163, 168, 172, 177, 179, 190, 191, 197, 201, 202, 205, 206, 208, 215, 218, 224]",False,25
random_validation_pool,12,3.6220488308569543,310.27929168652315,213.51246669809572,966.2412744393396,0.037216386970862,0.1585190900767209,1.0,0.0,0.0,0.0,0.0,False,3.4873479599077903,0.2,"[1, 2, 5, 8, 11, 29, 38, 44, 45, 49, 52, 57, 59, 65, 66, 69, 71, 76, 81, 87, 89, 92, 94, 96, 103, 104, 109, 114, 123, 125, 133, 136, 141, 149, 151, 152, 156, 163, 175, 178, 181, 201, 209, 216, 217, 222]",False,25
random_validation_pool,31,3.682612006872901,295.8681712175645,219.33239287879644,857.2665538757819,0.0382523859966255,0.2039334052690301,1.0,0.0,0.0,0.0,0.0,False,3.443743667200272,0.2,"[1, 14, 17, 22, 27, 28, 29, 30, 45, 47, 54, 56, 58, 71, 80, 89, 92, 94, 95, 103, 104, 110, 114, 118, 132, 133, 143, 144, 145, 157, 159, 163, 165, 169, 170, 175, 183, 184, 186, 198, 199, 200, 213, 219, 226, 227]",False,25
random_validation_pool,29,3.671727030927463,302.43103701489,202.18934394606745,932.8840213115892,0.0422927981002822,0.1957711231536293,1.0,0.0,0.0,0.0,0.0,False,3.4555114194074545,0.2,"[5, 21, 36, 38, 39, 41, 52, 55, 66, 69, 70, 71, 72, 76, 77, 78, 82, 84, 88, 89, 95, 99, 103, 107, 121, 124, 129, 149, 156, 157, 160, 167, 171, 178, 188, 194, 197, 199, 201, 210, 212, 213, 215, 221, 226, 227]",False,25
random_validation_pool,10,3.638283853296195,287.6878523084463,214.4558644710298,788.2942323905979,0.0430530718797939,0.1706931944535412,1.0,0.0,0.0,0.0,0.0,False,3.500995413150517,0.2,"[1, 3, 4, 17, 21, 23, 30, 33, 36, 37, 41, 46, 48, 54, 66, 69, 70, 77, 80, 81, 82, 87, 89, 91, 92, 96, 100, 106, 115, 130, 149, 154, 159, 162, 172, 173, 179, 180, 182, 186, 188, 192, 200, 211, 215, 224]",False,25
random_validation_pool,4,3.6540225185386417,297.2178494866622,200.0937166477923,789.1930063272366,0.0454618789005649,0.1824950970459435,1.0,0.0,0.0,0.0,0.0,False,3.48765855381738,0.2,"[0, 2, 3, 9, 18, 22, 27, 28, 30, 33, 44, 46, 60, 61, 63, 65, 70, 71, 74, 82, 87, 90, 99, 101, 103, 104, 109, 116, 131, 140, 148, 151, 152, 153, 154, 161, 174, 187, 194, 197, 200, 214, 216, 217, 221, 223]",False,25
random_validation_pool,38,3.637647183929914,290.8034156161392,204.75895381457812,762.6566663470117,0.0403668125663104,0.1702157772311355,1.0,0.0,0.0,0.0,0.0,False,3.504938836860176,0.2,"[2, 5, 6, 12, 14, 21, 23, 26, 35, 39, 43, 46, 50, 54, 59, 71, 78, 80, 97, 100, 103, 105, 111, 112, 120, 121, 125, 126, 129, 130, 138, 139, 144, 145, 146, 162, 166, 171, 188, 189, 193, 209, 211, 213, 215, 222]",False,25
random_validation_pool,44,3.702083873401058,296.0979966866588,210.53184852025143,854.7118449107477,0.045447258642571,0.2185347115753483,1.0,0.0,0.0,0.0,0.0,False,3.4485020479253445,0.2,"[2, 6, 7, 16, 17, 18, 24, 27, 28, 34, 40, 45, 50, 54, 56, 69, 82, 83, 85, 89, 90, 99, 114, 115, 120, 126, 134, 135, 161, 166, 167, 174, 176, 178, 191, 192, 193, 203, 204, 207, 208, 215, 218, 222, 223, 226]",False,25
random_validation_pool,47,3.686901785330458,299.676593859252,192.7904130440128,1015.2208087062356,0.038821671322652,0.2071501677275475,1.0,0.0,0.0,0.0,0.0,False,3.47151682143952,0.2,"[1, 20, 26, 38, 39, 41, 43, 46, 73, 83, 86, 89, 90, 91, 92, 96, 98, 103, 108, 109, 118, 120, 136, 137, 144, 148, 150, 152, 158, 160, 161, 162, 165, 166, 179, 184, 192, 199, 201, 202, 205, 211, 212, 213, 217, 220]",False,25
random_validation_pool,9,3.6698931036355646,297.1344393927501,185.11081507537452,922.5167753249611,0.0430867623768081,0.194395921957904,1.0,0.0,0.0,0.0,0.0,False,3.489963103649865,0.2,"[3, 4, 17, 19, 23, 27, 28, 31, 35, 40, 43, 56, 61, 62, 79, 81, 83, 88, 94, 115, 127, 128, 132, 135, 144, 149, 151, 153, 160, 162, 166, 173, 175, 178, 180, 188, 199, 200, 201, 204, 208, 210, 211, 217, 221, 224]",False,25
random_validation_pool,13,3.591515864167787,307.09383882983445,199.7540390117749,887.4444026175781,0.0420350065975696,0.1356234319524996,1.0,0.0,0.0,0.0,0.0,False,3.5822697826189533,0.2,"[10, 11, 22, 23, 26, 31, 61, 69, 74, 76, 94, 95, 97, 110, 119, 120, 129, 133, 138, 141, 143, 153, 156, 158, 161, 163, 165, 172, 173, 174, 178, 180, 181, 185, 190, 192, 193, 194, 203, 206, 217, 219, 223, 224, 226, 227]",False,25
random_validation_pool,6,3.728490107042056,296.3995629503981,208.2323532279607,806.7949270029118,0.0418505248716256,0.23833586958097,1.0,0.0,0.0,0.0,0.0,False,3.457287958418039,0.2,"[3, 6, 14, 20, 23, 26, 44, 46, 48, 50, 55, 60, 63, 65, 68, 71, 77, 102, 110, 113, 115, 117, 124, 125, 130, 143, 146, 156, 159, 163, 164, 171, 172, 173, 176, 181, 188, 190, 191, 195, 202, 210, 215, 221, 223, 225]",False,25
random_validation_pool,8,3.655011164319357,304.6276388429532,202.25330577374527,1020.4846085063084,0.0448896699108221,0.1832364496970512,1.0,0.0,0.0,0.0,0.0,False,3.5423191986763976,0.2,"[5, 9, 18, 19, 24, 29, 32, 60, 79, 80, 84, 90, 94, 103, 104, 106, 112, 115, 118, 122, 135, 137, 139, 147, 152, 155, 158, 160, 162, 166, 170, 181, 184, 186, 192, 194, 195, 196, 200, 201, 203, 206, 208, 214, 215, 218]",False,25
random_validation_pool,23,3.695800794529738,305.25107233603114,199.85725873638987,995.3935739609354,0.0404461674905444,0.2138232393076933,1.0,0.0,0.0,0.0,0.0,False,3.507932054025314,0.2,"[1, 16, 17, 35, 37, 51, 56, 58, 60, 67, 70, 78, 79, 82, 83, 90, 99, 102, 103, 107, 108, 109, 112, 115, 117, 120, 122, 129, 130, 131, 134, 146, 147, 152, 155, 156, 162, 171, 196, 197, 201, 208, 210, 222, 223, 227]",False,25
random_validation_pool,17,3.669510084767459,298.1673417469604,183.7572741554885,984.9854270391552,0.0392143266325559,0.1941087088237023,1.0,0.0,0.0,0.0,0.0,False,3.535119773920072,0.2,"[0, 2, 5, 12, 16, 28, 30, 41, 43, 48, 51, 55, 59, 61, 62, 66, 67, 70, 76, 87, 91, 101, 102, 104, 107, 108, 112, 113, 123, 126, 129, 131, 164, 169, 171, 176, 184, 193, 194, 196, 205, 211, 219, 220, 222, 223]",False,25
random_validation_pool,46,3.68085813573196,294.5580886981349,192.5592074735602,695.3683734938098,0.0390146282794023,0.2026182355233014,1.0,0.0,0.0,0.0,0.0,False,3.527325968231931,0.2,"[0, 4, 8, 18, 22, 27, 28, 30, 32, 36, 37, 44, 46, 51, 62, 86, 88, 90, 101, 104, 105, 109, 112, 113, 114, 121, 131, 133, 135, 139, 148, 149, 151, 154, 158, 166, 168, 178, 183, 190, 193, 196, 203, 204, 206, 216]",False,25
random_validation_pool,7,3.7182434527142183,301.95104897341764,205.82055659532008,1373.4762617391525,0.0387860724441473,0.2306522436563898,1.0,0.0,0.0,0.0,0.0,False,3.5020190568824483,0.2,"[1, 16, 20, 27, 32, 37, 38, 54, 55, 59, 60, 63, 64, 67, 71, 75, 76, 78, 79, 81, 90, 106, 107, 114, 115, 137, 154, 161, 166, 167, 171, 172, 173, 183, 184, 186, 188, 191, 194, 197, 200, 201, 207, 217, 226, 227]",False,25
random_validation_pool,42,3.670515137757087,306.3320174060176,199.60935492508577,1207.5016672536967,0.0430694143357183,0.1948623646961077,1.0,0.0,0.0,0.0,0.0,False,3.550678540817548,0.2,"[2, 18, 19, 29, 35, 38, 46, 52, 59, 61, 74, 87, 91, 95, 99, 103, 105, 109, 111, 113, 119, 124, 125, 126, 127, 130, 131, 138, 139, 140, 143, 145, 148, 154, 161, 165, 166, 176, 182, 184, 187, 190, 193, 196, 205, 213]",False,25
random_validation_pool,1,3.7117543687282897,287.7623947949597,199.9801221730286,766.12571544336,0.0379359146721985,0.2257862949919943,1.0,0.0,0.0,0.0,0.0,False,3.5140835801865737,0.2,"[1, 6, 7, 17, 21, 23, 35, 40, 44, 45, 48, 53, 58, 60, 64, 68, 75, 77, 84, 88, 98, 100, 102, 111, 119, 121, 124, 126, 139, 140, 141, 142, 145, 150, 163, 168, 170, 191, 204, 205, 210, 211, 213, 214, 220, 225]",False,25
random_validation_pool,28,3.7419106455047473,302.6231981221887,204.3859569874669,1122.821144142118,0.0406397431197494,0.2483994858555639,1.0,0.0,0.0,0.0,0.0,False,3.484338008482446,0.2,"[4, 8, 16, 20, 47, 51, 55, 61, 62, 63, 64, 88, 92, 101, 105, 116, 120, 124, 125, 132, 136, 138, 141, 143, 148, 153, 157, 158, 162, 163, 168, 171, 178, 180, 189, 195, 197, 198, 200, 201, 208, 212, 213, 217, 218, 219]",False,25
random_validation_pool,37,3.711345421073204,299.4980261340021,215.9284173059242,1099.322694445363,0.0402894581456409,0.2254796387211882,1.0,0.0,0.0,0.0,0.0,False,3.522001280391543,0.2,"[1, 4, 5, 8, 9, 13, 17, 19, 26, 36, 45, 48, 51, 54, 70, 75, 89, 94, 98, 102, 105, 117, 119, 121, 123, 124, 133, 134, 139, 141, 143, 148, 151, 152, 153, 158, 159, 165, 169, 174, 180, 182, 199, 207, 209, 217]",False,25
random_validation_pool,35,3.747491149746308,295.14109272044766,210.6714769378506,970.6297664610548,0.0371522244311867,0.2525841207315734,1.0,0.0,0.0,0.0,0.0,False,3.530378183660471,0.2,"[1, 2, 7, 10, 11, 17, 21, 22, 26, 28, 35, 37, 40, 44, 48, 67, 75, 78, 95, 96, 107, 110, 114, 117, 118, 120, 124, 127, 128, 133, 134, 142, 143, 152, 166, 172, 173, 175, 180, 181, 193, 196, 203, 215, 217, 227]",False,25
random_validation_pool,15,3.7241752178143694,305.53639744483905,213.25885475908507,1067.1641132267362,0.0542314445817962,0.2351002773895291,1.0,0.0,0.0,0.0,0.0,False,3.5541408655094173,0.2,"[0, 4, 33, 37, 42, 48, 52, 55, 58, 59, 61, 65, 72, 83, 86, 89, 99, 103, 108, 112, 117, 120, 122, 124, 127, 129, 142, 150, 152, 154, 158, 160, 161, 167, 175, 181, 184, 187, 188, 189, 198, 199, 200, 207, 210, 225]",False,25
random_validation_pool,43,3.713716810485999,301.87224998325536,198.4523741898686,914.6312219533924,0.0436006483966601,0.2272578649193655,1.0,0.0,0.0,0.0,0.0,False,3.5740210698231683,0.2,"[4, 5, 8, 9, 10, 32, 37, 39, 43, 45, 55, 60, 61, 74, 80, 82, 83, 100, 102, 113, 127, 134, 135, 136, 151, 154, 157, 159, 167, 170, 174, 177, 183, 186, 196, 197, 200, 201, 203, 209, 210, 211, 214, 218, 223, 224]",False,25
random_validation_pool,36,3.690626612482385,305.8084791249156,197.24620227485707,1010.5997506235104,0.0406942561146016,0.2099432919565335,1.0,0.0,0.0,0.0,0.0,False,3.600197758581565,0.2,"[0, 12, 20, 21, 31, 42, 49, 65, 70, 81, 92, 98, 102, 103, 106, 109, 110, 113, 116, 119, 121, 122, 131, 132, 134, 137, 139, 149, 151, 152, 156, 158, 162, 175, 179, 181, 188, 189, 192, 203, 208, 212, 214, 217, 225, 227]",False,25
random_validation_pool,22,3.7134326554087465,297.56197291034584,198.63143717090924,999.6432408977146,0.0429340501602094,0.2270447864599656,1.0,0.0,0.0,0.0,0.0,False,3.5856662605158087,0.2,"[1, 2, 14, 16, 17, 25, 34, 37, 38, 44, 53, 58, 63, 66, 86, 87, 92, 98, 103, 112, 122, 124, 134, 137, 152, 157, 158, 160, 164, 165, 170, 171, 179, 181, 184, 187, 192, 193, 196, 197, 204, 208, 214, 216, 221, 222]",False,25
random_validation_pool,24,3.736941427716408,300.64398932393533,195.5172408182115,1002.0177724772484,0.0360925325777011,0.2446732343980863,1.0,0.0,0.0,0.0,0.0,False,3.5772825076144,0.2,"[0, 3, 6, 7, 14, 18, 24, 27, 28, 32, 42, 43, 49, 58, 60, 61, 76, 77, 83, 84, 86, 89, 93, 119, 120, 127, 128, 142, 143, 152, 155, 159, 165, 173, 177, 185, 191, 194, 199, 201, 204, 210, 213, 214, 216, 227]",False,25
random_validation_pool,49,3.710448685257959,309.06772586190027,213.77063294469755,989.2228876438083,0.0385604257270181,0.2248072063020718,1.0,0.0,0.0,0.0,0.0,False,3.619906905140915,0.2,"[1, 4, 5, 7, 9, 11, 20, 39, 43, 45, 47, 51, 56, 62, 70, 73, 74, 75, 82, 92, 96, 97, 100, 103, 109, 120, 126, 138, 139, 141, 142, 149, 150, 155, 159, 160, 174, 176, 187, 194, 202, 203, 205, 220, 225, 227]",False,25
random_validation_pool,16,3.762034343140882,297.10968293766194,199.5737212498261,907.3562866715412,0.0382499200341609,0.2634895786710644,1.0,0.0,0.0,0.0,0.0,False,3.594804206622367,0.2,"[7, 9, 16, 19, 20, 30, 42, 43, 51, 54, 55, 60, 63, 64, 74, 76, 78, 80, 89, 99, 100, 101, 103, 107, 110, 112, 114, 115, 129, 136, 138, 143, 146, 147, 150, 151, 154, 169, 179, 183, 195, 203, 208, 212, 224, 225]",False,25
random_validation_pool,0,3.780923241507277,295.44772229476075,197.67119415821284,843.2640938008557,0.0445706492292109,0.2776537365055394,1.0,0.0,0.0,0.0,0.0,False,3.581182082207476,0.2,"[2, 16, 22, 23, 25, 26, 41, 44, 50, 51, 56, 57, 58, 59, 73, 74, 76, 85, 89, 90, 94, 98, 100, 113, 126, 135, 137, 156, 162, 171, 176, 178, 184, 185, 193, 197, 200, 201, 206, 207, 208, 210, 214, 216, 217, 226]",False,25
random_validation_pool,11,3.782844171300291,295.4388232798583,194.9323482927104,885.4320194019796,0.0383525343275163,0.2790941779886495,1.0,0.0,0.0,0.0,0.0,False,3.5952209070081045,0.2,"[13, 15, 19, 27, 33, 36, 47, 49, 51, 60, 62, 65, 73, 76, 78, 80, 96, 98, 103, 109, 111, 116, 118, 120, 122, 125, 127, 130, 135, 136, 145, 148, 152, 157, 169, 174, 185, 188, 191, 194, 199, 206, 211, 214, 215, 227]",False,25
random_validation_pool,41,3.7422628981142223,315.60084539744736,214.1689494325318,1141.6949698426129,0.0418095489731185,0.248663628393759,1.0,0.0,0.0,0.0,0.0,False,3.6437351074193103,0.2,"[10, 11, 16, 17, 28, 36, 58, 62, 66, 75, 82, 87, 88, 95, 97, 103, 106, 113, 115, 117, 120, 123, 124, 138, 151, 152, 160, 161, 162, 166, 168, 171, 176, 177, 179, 184, 185, 186, 189, 199, 201, 207, 213, 214, 217, 224]",False,25
random_validation_pool,39,3.785577631673903,307.1985456622633,197.46941045921375,966.005064434843,0.0442349020880827,0.2811439091807555,1.0,0.0,0.0,0.0,0.0,False,3.6621565734095034,0.2,"[3, 4, 6, 9, 17, 26, 27, 37, 47, 48, 59, 68, 69, 74, 75, 77, 78, 79, 83, 89, 92, 95, 100, 104, 111, 115, 122, 129, 132, 140, 141, 148, 149, 150, 155, 156, 157, 163, 187, 197, 201, 203, 205, 210, 212, 220]",False,25
random_validation_pool,48,3.8121793680472993,293.994567421375,195.3644799582853,991.683792177034,0.0411765917786739,0.3010916681953429,1.0,0.0,0.0,0.0,0.0,False,3.651038903991751,0.2,"[3, 15, 16, 20, 24, 25, 26, 35, 46, 48, 55, 66, 67, 68, 69, 72, 77, 78, 85, 89, 93, 97, 105, 109, 115, 125, 140, 141, 142, 144, 150, 151, 159, 165, 176, 189, 196, 199, 200, 204, 208, 213, 216, 223, 224, 225]",False,25
random_validation_pool,3,3.830133896388468,304.6443834819245,200.1302542091524,902.833828458494,0.0385828181789379,0.3145551729659709,1.0,0.0,0.0,0.0,0.0,False,3.680045722914084,0.2,"[3, 19, 28, 32, 39, 42, 44, 51, 61, 69, 75, 76, 79, 89, 94, 99, 100, 111, 113, 122, 131, 134, 136, 137, 147, 151, 155, 167, 173, 182, 183, 186, 188, 190, 193, 196, 200, 203, 206, 207, 210, 212, 216, 218, 222, 223]",False,25
random_validation_pool,40,3.805915885788456,300.0461461379997,221.2432733213981,1129.963548727865,0.0391140163607562,0.2963948907768392,1.0,0.0,0.0,0.0,0.0,False,3.7174717638123935,0.2,"[0, 3, 9, 12, 13, 14, 18, 23, 37, 44, 47, 50, 51, 54, 57, 68, 73, 79, 97, 107, 111, 115, 123, 125, 128, 130, 138, 141, 149, 154, 155, 158, 160, 162, 165, 173, 178, 192, 202, 203, 204, 206, 209, 211, 224, 226]",False,25
random_validation_pool,2,3.879942161566675,306.63213463284933,198.1634163940729,1070.7735694868854,0.0416006529581573,0.3519047375494007,1.0,0.0,0.0,0.0,0.0,False,3.648285045676383,0.2,"[0, 2, 7, 25, 35, 42, 49, 56, 63, 64, 70, 72, 74, 76, 92, 94, 96, 101, 102, 104, 116, 122, 130, 134, 137, 138, 141, 142, 143, 146, 150, 155, 159, 168, 173, 175, 182, 189, 190, 197, 205, 212, 215, 216, 217, 224]",False,25
random_validation_pool,30,3.817889350257642,301.9968374251962,204.74274494096963,925.7321153947044,0.0449427002251362,0.3053733943018917,1.0,0.0,0.0,0.0,0.0,False,3.7159538312114337,0.2,"[0, 2, 3, 13, 21, 23, 26, 32, 33, 35, 39, 43, 46, 54, 60, 63, 66, 70, 72, 74, 76, 77, 80, 84, 99, 100, 101, 102, 122, 129, 138, 141, 155, 156, 166, 168, 173, 174, 194, 202, 207, 215, 219, 225, 226, 227]",False,25
random_validation_pool,20,3.9405824892060464,294.6458171525835,190.26165132778564,1268.3676059235206,0.0434821774701073,0.3973769061829313,1.0,0.0,0.0,0.0,0.0,False,3.792570368757692,0.2,"[5, 8, 14, 19, 20, 21, 24, 31, 33, 34, 35, 38, 53, 58, 59, 60, 62, 63, 68, 70, 85, 86, 89, 98, 103, 105, 107, 109, 111, 112, 140, 142, 143, 144, 149, 150, 152, 154, 173, 176, 179, 182, 183, 194, 218, 224]",False,25
random_validation_pool,21,4.072447506002524,317.5157742248372,208.2806751838312,1374.3291673908673,0.0420171213393325,0.4962581047854876,1.0,0.0,0.0,0.0,0.0,False,3.713528657036668,0.2,"[1, 4, 5, 7, 10, 17, 24, 36, 38, 41, 51, 53, 55, 56, 61, 63, 71, 73, 77, 94, 101, 107, 112, 113, 114, 118, 121, 126, 135, 141, 152, 156, 168, 170, 178, 181, 183, 188, 190, 203, 205, 207, 214, 215, 221, 224]",False,25
quality_coverage_sample,0,3.5785049256422568,308.6275049490282,225.02900110932612,1110.075458631774,0.0359346818887863,0.1258669610733865,1.0,0.0,0.0,0.0,0.0,False,3.50731044166003,0.2,"[0, 2, 6, 8, 11, 23, 27, 29, 33, 48, 49, 51, 55, 59, 63, 65, 78, 79, 81, 83, 92, 95, 99, 105, 106, 108, 113, 118, 121, 125, 134, 136, 137, 149, 150, 154, 159, 175, 176, 180, 187, 189, 208, 212, 214, 223]",False,25
quality_coverage_sample,1,3.846901385362482,299.3250602462245,215.9301010821724,1192.8367334363572,0.037321769774967,0.327128556321047,1.0,0.0,0.0,0.0,0.0,False,3.5756397897720675,0.2,"[2, 5, 7, 8, 14, 15, 17, 20, 23, 25, 33, 34, 39, 40, 42, 55, 61, 66, 74, 81, 82, 89, 96, 108, 111, 116, 119, 128, 135, 136, 137, 141, 154, 164, 172, 175, 183, 184, 192, 200, 209, 211, 214, 217, 225, 226]",False,25
quality_coverage_sample,2,3.651812336225239,299.8968775992924,190.8590601802781,886.9919006899542,0.0383490472645895,0.1808377547000448,1.0,0.0,0.0,0.0,0.0,False,3.516663801595434,0.2,"[3, 5, 6, 14, 17, 23, 32, 34, 37, 40, 51, 52, 56, 60, 65, 69, 74, 83, 98, 111, 115, 117, 122, 128, 131, 132, 139, 146, 147, 148, 166, 167, 168, 171, 174, 183, 190, 194, 202, 204, 217, 221, 223, 225, 226, 227]",False,25
quality_coverage_sample,3,3.667065161691885,315.07617458773865,207.35469060910648,1195.4166009340245,0.0349052244999815,0.1922753421728876,1.0,0.0,0.0,0.0,0.0,False,3.560893500199425,0.2,"[3, 15, 23, 29, 40, 48, 54, 58, 59, 70, 73, 81, 85, 88, 92, 99, 104, 105, 109, 113, 116, 118, 122, 131, 132, 134, 136, 137, 141, 143, 144, 148, 149, 153, 155, 157, 160, 169, 173, 178, 180, 182, 209, 212, 222, 224]",False,25
quality_coverage_sample,4,3.678759951180835,311.232309464716,227.47988572200103,1073.7146359866156,0.0368909284108386,0.2010448765813707,1.0,0.0,0.0,0.0,0.0,False,3.427770203813897,0.2,"[3, 4, 5, 21, 22, 23, 30, 38, 42, 52, 55, 57, 73, 74, 81, 84, 99, 101, 103, 109, 117, 118, 122, 126, 130, 132, 137, 141, 156, 164, 171, 172, 177, 178, 192, 194, 195, 197, 198, 205, 207, 210, 216, 221, 222, 225]",False,25
quality_coverage_sample,5,3.572068544625341,291.4181085626162,194.7604007835078,971.2143374693547,0.0372946432181505,0.1210405326158858,1.0,0.0,0.0,0.0,0.0,False,3.306505896465438,0.2,"[4, 5, 20, 21, 41, 43, 46, 51, 54, 56, 65, 68, 69, 71, 74, 81, 88, 94, 99, 103, 106, 111, 112, 120, 124, 125, 130, 137, 139, 142, 143, 149, 153, 156, 158, 160, 167, 174, 190, 199, 201, 207, 209, 210, 221, 222]",False,25
quality_coverage_sample,6,3.549503556862342,300.42553678458216,202.80869933060524,974.7133978572198,0.035937129426836,0.104119797377205,1.0,0.0,0.0,0.0,0.0,False,3.3257190952879925,0.2,"[0, 2, 6, 7, 14, 15, 21, 27, 29, 31, 38, 51, 52, 60, 65, 68, 70, 71, 82, 84, 85, 94, 107, 113, 116, 118, 125, 127, 136, 138, 140, 142, 148, 152, 161, 163, 176, 177, 178, 182, 185, 190, 196, 197, 219, 224]",False,25
quality_coverage_sample,7,3.629097132375651,298.7053673629839,221.9634823482048,971.1865177537088,0.0379051294144859,0.1638043774047208,1.0,0.0,0.0,0.0,0.0,False,3.3711324044220063,0.2,"[4, 9, 18, 23, 35, 36, 38, 40, 46, 52, 54, 58, 75, 91, 94, 100, 108, 113, 116, 117, 119, 123, 124, 129, 132, 133, 143, 145, 149, 151, 154, 156, 162, 165, 170, 177, 191, 202, 203, 206, 211, 216, 218, 222, 226, 227]",False,25
quality_coverage_sample,8,3.692214575079281,304.15115994602786,215.7599812939739,1090.369605293699,0.0378036477377875,0.2111340523927106,1.0,0.0,0.0,0.0,0.0,False,3.45118082645053,0.2,"[1, 13, 21, 32, 35, 38, 48, 51, 52, 58, 60, 61, 71, 90, 94, 97, 99, 105, 106, 112, 115, 116, 118, 122, 126, 128, 130, 143, 145, 152, 156, 158, 160, 161, 177, 191, 199, 200, 201, 203, 205, 206, 209, 225, 226, 227]",False,25
quality_coverage_sample,9,3.555760286840301,303.6316889679232,202.34815024081576,1150.4829038202397,0.0342324754181069,0.1088115114844276,1.0,0.0,0.0,0.0,0.0,False,3.5439426117532484,0.2,"[3, 7, 11, 24, 29, 45, 50, 53, 54, 56, 57, 68, 72, 74, 75, 78, 83, 95, 98, 101, 109, 113, 115, 116, 121, 123, 133, 138, 140, 157, 160, 168, 175, 177, 178, 179, 180, 188, 194, 204, 208, 209, 211, 214, 216, 217]",False,25
quality_coverage_sample,10,3.646426247346336,309.3514696516754,210.44927614678969,920.4642978306744,0.0362762288417511,0.1767989054505288,1.0,0.0,0.0,0.0,0.0,False,3.388795434853055,0.2,"[1, 5, 6, 12, 20, 36, 40, 42, 45, 53, 59, 65, 66, 69, 71, 76, 85, 94, 100, 101, 112, 116, 122, 123, 129, 130, 133, 141, 147, 149, 150, 153, 156, 162, 167, 176, 182, 190, 195, 196, 198, 205, 211, 214, 222, 225]",False,25
quality_coverage_sample,11,3.519940547319233,295.0508409807229,219.18023050814892,969.6355725871026,0.0366791271565758,0.0819514779173654,1.0,0.0,0.0,0.0,0.0,False,3.293053821247218,0.2,"[4, 5, 6, 7, 8, 10, 11, 17, 27, 39, 48, 50, 51, 54, 55, 57, 61, 75, 81, 92, 97, 104, 108, 116, 118, 123, 125, 135, 136, 143, 152, 156, 158, 159, 161, 170, 178, 180, 188, 196, 197, 200, 201, 213, 214, 219]",False,25
quality_coverage_sample,12,3.63278015324775,300.2279642040219,211.8349412902199,998.8396896358056,0.037206738395745,0.1665661524922973,1.0,0.0,0.0,0.0,0.0,False,3.4504915165621632,0.2,"[5, 8, 10, 16, 23, 24, 34, 35, 36, 45, 49, 52, 57, 67, 68, 84, 93, 94, 98, 99, 102, 109, 112, 119, 120, 125, 127, 133, 134, 140, 141, 154, 159, 160, 161, 167, 173, 175, 182, 184, 186, 195, 200, 217, 221, 226]",False,25
quality_coverage_sample,13,3.5353912010410062,304.71544113571224,213.75291295048535,977.5993499828012,0.0386433297753655,0.0935374102314679,1.0,0.0,0.0,0.0,0.0,False,3.529131257704899,0.2,"[4, 5, 7, 10, 24, 30, 45, 49, 50, 53, 59, 61, 69, 74, 79, 92, 96, 98, 101, 108, 112, 113, 120, 137, 140, 142, 143, 148, 158, 159, 160, 164, 171, 172, 179, 184, 188, 189, 191, 193, 203, 205, 211, 218, 221, 225]",False,25
quality_coverage_sample,14,3.6801371425725313,309.0775612834716,205.2969938887963,904.9015369967568,0.0401547407640619,0.2020775866876929,1.0,0.0,0.0,0.0,0.0,False,3.5340798037712844,0.2,"[3, 4, 9, 13, 15, 17, 18, 19, 30, 42, 43, 50, 66, 72, 73, 74, 77, 78, 95, 96, 100, 109, 114, 117, 121, 122, 123, 127, 130, 131, 134, 141, 148, 150, 151, 152, 154, 178, 183, 187, 188, 192, 203, 206, 219, 221]",False,25
quality_coverage_sample,15,3.599553603959711,292.2363563835227,205.55022178071383,768.3906408189131,0.0349249754726432,0.1416506661954345,1.0,0.0,0.0,0.0,0.0,False,3.429424520732961,0.2,"[1, 2, 3, 5, 16, 21, 24, 26, 31, 35, 39, 40, 45, 50, 53, 73, 75, 84, 94, 95, 96, 100, 103, 113, 120, 124, 125, 128, 130, 132, 146, 160, 161, 165, 177, 180, 186, 189, 193, 206, 208, 215, 216, 217, 219, 225]",False,25
quality_coverage_sample,16,3.59831300479306,305.7477003777652,211.9597789511061,1021.1082262483754,0.0370204025918489,0.1407203820642523,1.0,0.0,0.0,0.0,0.0,False,3.4041548868775005,0.2,"[1, 2, 6, 11, 13, 22, 23, 31, 35, 40, 59, 65, 80, 84, 95, 98, 104, 107, 109, 114, 116, 121, 122, 123, 124, 132, 133, 141, 142, 143, 154, 157, 162, 170, 172, 173, 175, 178, 187, 197, 209, 211, 213, 216, 217, 221]",False,25
quality_coverage_sample,17,3.513200874697274,289.6091191268091,194.82671553952773,775.0148046096393,0.0357156204453876,0.0768976211535452,1.0,0.0,0.0,0.0,0.0,False,3.4114623060502147,0.2,"[11, 14, 29, 31, 33, 37, 40, 41, 56, 61, 63, 65, 76, 80, 87, 94, 96, 102, 103, 108, 110, 111, 115, 116, 122, 123, 129, 132, 134, 141, 144, 152, 157, 159, 165, 173, 174, 179, 188, 197, 203, 206, 207, 212, 216, 221]",False,25
quality_coverage_sample,18,3.5397498801261778,299.0298675372393,198.25282054905307,875.9346697281342,0.0369928406370196,0.0968058389833547,1.0,0.0,0.0,0.0,0.0,False,3.3887294576415443,0.2,"[1, 2, 6, 9, 13, 14, 15, 21, 29, 30, 38, 39, 41, 61, 62, 68, 71, 77, 80, 81, 82, 84, 104, 111, 116, 119, 128, 140, 141, 142, 158, 160, 166, 173, 177, 179, 180, 189, 192, 196, 203, 206, 208, 215, 219, 220]",False,25
quality_coverage_sample,19,3.646974599134964,300.05073795807573,213.42650889653112,1143.833831300292,0.037540262000919,0.1772100962533108,1.0,0.0,0.0,0.0,0.0,False,3.507732414966128,0.2,"[0, 2, 12, 15, 20, 24, 27, 28, 33, 37, 39, 42, 54, 64, 65, 70, 71, 72, 88, 92, 101, 102, 103, 109, 112, 114, 125, 126, 135, 136, 148, 150, 153, 170, 175, 176, 182, 183, 186, 187, 194, 195, 203, 209, 211, 227]",False,25
quality_coverage_sample,20,3.610913547419584,301.2022933791736,213.24556164024293,1043.5645891710194,0.0364695164682617,0.1501691106825206,1.0,0.0,0.0,0.0,0.0,False,3.405944986462327,0.2,"[0, 3, 15, 20, 21, 37, 41, 44, 51, 55, 56, 57, 59, 61, 63, 77, 84, 92, 99, 103, 104, 106, 107, 116, 119, 132, 134, 135, 143, 150, 154, 159, 163, 169, 171, 179, 182, 187, 191, 192, 197, 205, 216, 217, 225, 227]",False,25
quality_coverage_sample,21,3.431516029025904,301.9729773443252,205.6586837753516,909.153613595133,0.0339780197041785,0.0156448670579214,1.0,0.0,0.0,0.0,0.0,False,3.280332299887222,0.2,"[0, 10, 12, 16, 23, 25, 30, 31, 53, 61, 63, 66, 69, 77, 82, 87, 91, 94, 104, 112, 113, 115, 125, 127, 128, 129, 131, 136, 141, 145, 151, 155, 158, 165, 170, 179, 183, 185, 191, 198, 204, 208, 211, 212, 214, 219]",False,25
quality_coverage_sample,22,3.730478504573876,306.6305776612763,221.5933856855971,1198.198047516788,0.0374007949991468,0.2398269028816988,1.0,0.0,0.0,0.0,0.0,False,3.527480348516299,0.2,"[9, 15, 26, 28, 29, 32, 48, 49, 54, 58, 64, 70, 81, 85, 89, 91, 99, 104, 106, 109, 110, 118, 119, 124, 131, 135, 136, 137, 138, 146, 151, 154, 156, 160, 166, 171, 180, 182, 187, 195, 205, 211, 212, 213, 216, 222]",False,25
quality_coverage_sample,23,3.581016136162116,302.26709953398506,190.082543117068,875.8461828209865,0.0371847929783104,0.1277500344781411,1.0,0.0,0.0,0.0,0.0,False,3.5353148925034232,0.2,"[0, 1, 5, 6, 9, 10, 12, 22, 32, 36, 43, 45, 52, 58, 60, 69, 71, 92, 94, 98, 104, 116, 120, 122, 126, 132, 136, 138, 142, 144, 151, 166, 169, 177, 180, 181, 183, 185, 186, 189, 202, 208, 212, 217, 221, 225]",False,25
quality_coverage_sample,24,3.6253889572159936,294.3825632859036,200.2010633756105,786.7653876370359,0.0366487404480463,0.1610237399519453,1.0,0.0,0.0,0.0,0.0,False,3.4231834828481467,0.2,"[4, 6, 12, 13, 20, 26, 33, 35, 43, 50, 54, 61, 69, 74, 88, 90, 95, 109, 112, 121, 125, 128, 129, 139, 141, 142, 149, 154, 155, 159, 160, 161, 166, 185, 186, 192, 194, 200, 207, 208, 210, 211, 212, 218, 219, 225]",False,25
quality_coverage_sample,25,3.4878089648927566,294.6537030439415,193.59409414403476,924.76942396218,0.0361110927513433,0.0578570709206212,1.0,0.0,0.0,0.0,0.0,False,3.3166937064886954,0.2,"[0, 1, 6, 10, 18, 20, 21, 26, 36, 39, 42, 51, 53, 57, 65, 78, 81, 94, 96, 100, 104, 106, 110, 112, 121, 123, 124, 131, 132, 136, 137, 149, 158, 170, 178, 182, 183, 188, 190, 205, 206, 208, 210, 216, 218, 227]",False,25
quality_coverage_sample,26,3.425824638004181,295.36180154346744,198.1006762131697,749.7336920332128,0.0341353428730065,0.011377081866551,1.0,0.0,0.0,0.0,0.0,False,3.335651564183072,0.2,"[0, 2, 8, 9, 30, 33, 37, 41, 44, 50, 51, 56, 58, 59, 67, 71, 80, 88, 92, 96, 99, 107, 116, 117, 118, 121, 126, 129, 131, 135, 137, 139, 148, 149, 155, 170, 177, 178, 179, 180, 197, 201, 210, 217, 221, 226]",False,25
quality_coverage_sample,27,3.6474810501357218,295.68372497206,196.3399546028729,830.2672663774159,0.0346592275318567,0.1775898670462401,1.0,0.0,0.0,0.0,0.0,False,3.478276213816142,0.2,"[1, 3, 4, 15, 16, 19, 22, 24, 29, 31, 36, 38, 50, 53, 64, 66, 68, 76, 85, 96, 105, 109, 110, 116, 118, 119, 123, 125, 128, 129, 136, 148, 149, 153, 162, 172, 183, 189, 192, 194, 196, 199, 203, 207, 208, 221]",False,25
quality_coverage_sample,28,3.559416152056192,295.24781961911657,227.97362495497123,875.8564618185516,0.0355029290009784,0.1115529234468934,1.0,0.0,0.0,0.0,0.0,False,3.4490098339089013,0.2,"[7, 8, 9, 10, 11, 29, 37, 38, 45, 48, 50, 53, 55, 57, 61, 67, 68, 69, 82, 87, 90, 91, 92, 103, 109, 113, 116, 125, 128, 130, 148, 149, 160, 161, 163, 164, 170, 179, 182, 198, 209, 217, 218, 221, 224, 226]",False,25
quality_coverage_sample,29,3.577768076380489,293.4575827061292,214.24993792309323,913.8827032890046,0.0351014076687332,0.125314422273005,1.0,0.0,0.0,0.0,0.0,False,3.44867241240394,0.2,"[2, 3, 7, 23, 30, 33, 38, 49, 56, 61, 64, 66, 68, 73, 77, 79, 83, 92, 97, 105, 112, 120, 123, 124, 125, 128, 142, 143, 147, 150, 154, 158, 166, 171, 175, 177, 189, 190, 193, 204, 206, 213, 217, 218, 222, 225]",False,25
quality_coverage_sample,30,3.654733471884964,300.0758143724712,209.2536539046855,944.1176263419728,0.0328928430062054,0.1830282173589931,1.0,0.0,0.0,0.0,0.0,False,3.475574212083373,0.2,"[4, 7, 8, 10, 23, 30, 44, 47, 55, 64, 65, 67, 87, 92, 93, 102, 105, 113, 116, 117, 119, 120, 122, 127, 131, 132, 133, 138, 146, 149, 153, 156, 161, 170, 171, 178, 180, 181, 187, 191, 193, 194, 201, 209, 219, 225]",False,25
quality_coverage_sample,31,3.504453623077463,297.0223939043861,207.7471728624635,919.2491269404636,0.0336593956323384,0.0703383475443816,1.0,0.0,0.0,0.0,0.0,False,3.391821544373067,0.2,"[4, 5, 15, 20, 21, 30, 36, 43, 47, 50, 52, 58, 67, 69, 73, 75, 81, 90, 94, 103, 104, 113, 116, 120, 124, 125, 128, 133, 135, 148, 159, 170, 171, 172, 173, 177, 180, 183, 184, 189, 194, 195, 202, 211, 219, 223]",False,25
quality_coverage_sample,32,3.6250986191567383,309.8122690569825,204.35259370771627,1181.0085619322251,0.0374963798934043,0.1608060250795969,1.0,0.0,0.0,0.0,0.0,False,3.450630736563645,0.2,"[0, 7, 13, 14, 15, 22, 27, 31, 35, 39, 51, 55, 63, 65, 66, 78, 90, 108, 113, 115, 116, 118, 128, 132, 133, 135, 152, 161, 164, 165, 166, 171, 175, 178, 187, 188, 191, 193, 199, 201, 203, 204, 205, 212, 216, 219]",False,25
quality_coverage_sample,33,3.554717608053668,299.6326787546633,201.9758614969101,947.2953301534974,0.0349745352090334,0.1080296412759028,1.0,0.0,0.0,0.0,0.0,False,3.434486507780868,0.2,"[4, 5, 7, 14, 19, 28, 31, 35, 50, 58, 59, 62, 63, 68, 77, 83, 87, 97, 98, 109, 112, 119, 121, 123, 125, 128, 132, 135, 143, 145, 147, 148, 152, 159, 161, 162, 171, 173, 178, 184, 188, 207, 213, 219, 220, 224]",False,25
quality_coverage_sample,34,3.824564598806534,304.15705302816843,207.77105880680423,1303.2174658048052,0.0386539946024144,0.3103789415919904,1.0,0.0,0.0,0.0,0.0,False,3.571008747299537,0.2,"[0, 4, 11, 13, 23, 26, 33, 39, 40, 41, 45, 46, 56, 61, 66, 70, 73, 76, 81, 99, 101, 102, 103, 107, 115, 118, 121, 123, 126, 135, 138, 148, 152, 165, 178, 183, 187, 189, 190, 191, 192, 200, 203, 209, 214, 215]",False,25
quality_coverage_sample,35,3.6210732885354986,307.0720617316657,213.56733292928664,993.5009819972496,0.0382620752993963,0.1577875632747186,1.0,0.0,0.0,0.0,0.0,False,3.3860783097365528,0.2,"[0, 3, 4, 9, 13, 21, 23, 32, 40, 42, 45, 51, 52, 54, 56, 65, 70, 73, 76, 85, 90, 91, 94, 104, 114, 117, 120, 121, 123, 137, 147, 159, 160, 161, 169, 175, 176, 180, 182, 186, 191, 202, 217, 221, 225, 227]",False,25
quality_coverage_sample,36,3.661113914566112,307.1648452038568,210.96238154145087,1024.8069815095328,0.0356607787201872,0.1878126995154743,1.0,0.0,0.0,0.0,0.0,False,3.4901009568794814,0.2,"[21, 27, 29, 33, 34, 53, 56, 57, 60, 61, 78, 81, 87, 89, 92, 95, 96, 102, 106, 109, 111, 114, 119, 125, 126, 127, 133, 137, 143, 144, 147, 156, 157, 159, 164, 170, 171, 182, 186, 188, 189, 197, 198, 203, 211, 222]",False,25
quality_coverage_sample,37,3.4745550986429787,290.1394193026576,186.77141479629165,934.7653296799862,0.0387969118182838,0.0479184366055114,1.0,0.0,0.0,0.0,0.0,False,3.3913627120572425,0.2,"[0, 4, 6, 7, 8, 13, 20, 34, 43, 45, 47, 49, 54, 58, 62, 69, 74, 77, 87, 91, 94, 98, 106, 109, 113, 118, 123, 125, 128, 133, 135, 136, 143, 147, 151, 154, 156, 160, 162, 167, 177, 183, 198, 210, 222, 224]",False,25
quality_coverage_sample,38,3.681424765863693,307.66878838325874,202.3684071123404,922.4033137861958,0.0369325511032756,0.2030431326487962,1.0,0.0,0.0,0.0,0.0,False,3.545393362962326,0.2,"[6, 7, 10, 12, 23, 31, 35, 40, 46, 49, 53, 55, 69, 72, 74, 76, 84, 90, 92, 95, 101, 107, 112, 113, 119, 122, 123, 126, 127, 139, 143, 152, 166, 167, 173, 175, 176, 181, 186, 187, 196, 199, 209, 218, 221, 225]",False,25
quality_coverage_sample,39,3.583144949745579,303.1294998408191,195.3058313250788,1087.8453585242532,0.035456001046786,0.1293463611146377,1.0,0.0,0.0,0.0,0.0,False,3.4565493800517624,0.2,"[0, 5, 7, 12, 13, 16, 24, 34, 35, 38, 55, 57, 59, 65, 72, 74, 79, 84, 93, 94, 107, 108, 112, 115, 116, 119, 120, 124, 137, 139, 141, 154, 156, 157, 160, 171, 172, 187, 188, 192, 195, 196, 198, 206, 217, 221]",False,25
quality_coverage_sample,40,3.441514732394037,300.14667010749355,210.8832127891987,1014.6588087979524,0.0368762073034163,0.0231425627889916,1.0,0.0,0.0,0.0,0.0,False,3.3113728964385007,0.2,"[12, 15, 18, 21, 26, 29, 35, 40, 49, 58, 68, 70, 71, 81, 83, 91, 98, 99, 106, 109, 111, 117, 123, 124, 125, 129, 132, 136, 141, 145, 159, 160, 171, 174, 175, 183, 188, 194, 197, 199, 204, 205, 211, 212, 221, 222]",False,25
quality_coverage_sample,41,3.5155817200927126,297.05287954252594,201.26689019003624,950.6004522138016,0.0355402326227048,0.0786829380791987,1.0,0.0,0.0,0.0,0.0,False,3.38087479128171,0.2,"[5, 8, 10, 11, 21, 24, 29, 38, 49, 58, 61, 66, 69, 71, 74, 84, 85, 89, 93, 98, 100, 106, 113, 114, 116, 120, 124, 138, 139, 149, 151, 153, 157, 166, 185, 186, 190, 195, 201, 203, 205, 213, 216, 221, 226, 227]",False,25
quality_coverage_sample,42,3.5083800208007743,306.14783155540266,227.86282144632173,1182.506706178664,0.0360623136283169,0.0732826228533558,1.0,0.0,0.0,0.0,0.0,False,3.3021819715748144,0.2,"[0, 1, 8, 10, 26, 28, 40, 41, 45, 52, 54, 60, 63, 70, 75, 84, 92, 96, 99, 101, 104, 108, 113, 114, 119, 120, 121, 128, 140, 147, 148, 150, 152, 162, 163, 177, 181, 185, 186, 188, 191, 197, 205, 212, 213, 222]",False,25
quality_coverage_sample,43,3.71561859889454,314.9996388955411,225.1902990498961,1134.1303503039608,0.0379740396349424,0.2286839529136912,1.0,0.0,0.0,0.0,0.0,False,3.4798648716776843,0.2,"[6, 9, 13, 17, 23, 43, 56, 60, 65, 68, 69, 70, 71, 82, 85, 92, 94, 95, 98, 100, 102, 114, 117, 120, 122, 126, 128, 129, 130, 139, 141, 145, 147, 153, 165, 169, 171, 179, 185, 203, 204, 205, 209, 212, 218, 227]",False,25
quality_coverage_sample,44,3.685903316668395,304.5268313571353,226.6252691105005,907.360587253759,0.0353265035928307,0.2064014492238046,1.0,0.0,0.0,0.0,0.0,False,3.508211530215458,0.2,"[6, 9, 12, 14, 28, 33, 38, 45, 48, 49, 66, 68, 70, 72, 73, 84, 88, 95, 102, 104, 105, 110, 113, 114, 117, 120, 125, 129, 134, 135, 142, 143, 146, 147, 150, 151, 156, 162, 175, 176, 177, 178, 199, 212, 214, 223]",False,25
quality_coverage_sample,45,3.4624364793432507,293.20526066927226,206.8448282712924,820.9721022037934,0.0353162790123247,0.0388310862917079,1.0,0.0,0.0,0.0,0.0,False,3.3677976580410487,0.2,"[5, 15, 18, 19, 26, 28, 30, 42, 43, 49, 52, 65, 70, 71, 73, 76, 77, 82, 84, 90, 94, 100, 110, 113, 114, 117, 120, 122, 128, 136, 142, 143, 149, 150, 155, 159, 166, 168, 179, 180, 189, 192, 204, 214, 219, 226]",False,25
quality_coverage_sample,46,3.729509213312386,303.93268149180096,216.7468528098705,877.4743815191999,0.0369476959722383,0.2391000635420504,1.0,0.0,0.0,0.0,0.0,False,3.49006094665598,0.2,"[7, 11, 12, 14, 26, 28, 30, 39, 44, 49, 54, 56, 58, 61, 71, 80, 82, 84, 92, 103, 107, 110, 113, 117, 118, 120, 122, 123, 135, 137, 142, 144, 147, 156, 161, 162, 164, 169, 189, 191, 196, 199, 200, 215, 216, 218]",False,25
quality_coverage_sample,47,3.587610686783292,300.84545580095914,191.2387525637713,959.8794394728014,0.0378350361526582,0.1326950690711567,1.0,0.0,0.0,0.0,0.0,False,3.420776120789418,0.2,"[0, 15, 18, 19, 31, 37, 43, 49, 50, 56, 59, 67, 71, 76, 82, 85, 89, 92, 95, 109, 110, 116, 118, 119, 125, 130, 133, 135, 137, 141, 146, 148, 150, 158, 159, 163, 169, 179, 187, 189, 192, 201, 203, 205, 221, 222]",False,25
quality_coverage_sample,48,3.532920487924747,299.7259142068196,190.60470360604745,1100.9277606578223,0.032554638629967,0.0916847044852894,1.0,0.0,0.0,0.0,0.0,False,3.4092576913548545,0.2,"[0, 3, 8, 9, 12, 16, 21, 29, 38, 41, 53, 57, 59, 65, 67, 79, 80, 81, 100, 115, 116, 117, 121, 124, 131, 136, 137, 145, 149, 150, 158, 159, 160, 161, 169, 175, 179, 180, 181, 182, 185, 188, 197, 204, 214, 227]",False,25
quality_coverage_sample,49,3.6605911911656577,299.87325348057914,198.79115023744453,859.6653759812164,0.0347919114398657,0.1874207265902041,1.0,0.0,0.0,0.0,0.0,False,3.508711162645783,0.2,"[4, 6, 12, 20, 24, 31, 36, 37, 41, 45, 55, 57, 59, 63, 65, 74, 75, 76, 79, 83, 84, 90, 94, 110, 113, 116, 120, 125, 126, 127, 133, 138, 143, 149, 154, 160, 170, 173, 175, 183, 187, 190, 195, 200, 201, 224]",False,25
quality_coverage_sample,50,3.578546553390124,299.5490185437683,191.42919496113632,871.8681815251446,0.0354277729039059,0.1258981763396054,1.0,0.0,0.0,0.0,0.0,False,3.392540491913212,0.2,"[1, 4, 5, 7, 12, 29, 31, 39, 41, 44, 46, 53, 57, 59, 68, 81, 93, 96, 104, 108, 109, 111, 112, 116, 122, 131, 135, 136, 144, 147, 148, 162, 168, 174, 175, 176, 180, 185, 189, 190, 198, 200, 202, 206, 208, 214]",False,25
quality_coverage_sample,51,3.677242357233402,302.89282548255824,211.6880747312498,1009.0400577504834,0.0365021354400996,0.1999068832594137,1.0,0.0,0.0,0.0,0.0,False,3.4282431882627447,0.2,"[1, 2, 16, 24, 27, 30, 33, 34, 38, 52, 55, 56, 70, 80, 84, 92, 99, 101, 104, 109, 111, 118, 119, 128, 140, 143, 144, 145, 160, 162, 163, 166, 167, 171, 174, 182, 190, 194, 197, 199, 202, 212, 216, 217, 221, 222]",False,25
quality_coverage_sample,52,3.740137187125949,289.9167617350988,191.28874433863376,844.7640533632026,0.0348249764764829,0.2470696282903997,1.0,0.0,0.0,0.0,0.0,False,3.5211050123576757,0.2,"[0, 1, 5, 7, 11, 15, 23, 28, 29, 38, 43, 46, 47, 61, 68, 70, 73, 87, 90, 91, 96, 105, 108, 115, 116, 123, 134, 139, 141, 142, 156, 157, 160, 161, 165, 169, 174, 190, 193, 195, 197, 198, 201, 205, 215, 224]",False,25
quality_coverage_sample,53,3.513097591857535,288.4951895620636,211.2212905577283,847.1466292610904,0.0354441415418934,0.076820172780682,1.0,0.0,0.0,0.0,0.0,False,3.344169241083577,0.2,"[4, 5, 7, 11, 26, 30, 34, 38, 41, 42, 44, 45, 64, 65, 70, 73, 83, 84, 88, 94, 100, 103, 106, 108, 110, 113, 114, 120, 122, 125, 126, 132, 137, 143, 147, 161, 165, 172, 175, 183, 185, 186, 204, 208, 224, 225]",False,25
quality_coverage_sample,54,3.670347114802205,297.32924250430824,216.1914183888937,1064.190726299467,0.0385610909453628,0.1947363698600617,1.0,0.0,0.0,0.0,0.0,False,3.56977590913956,0.2,"[3, 12, 19, 20, 31, 42, 47, 49, 56, 61, 70, 71, 78, 85, 92, 95, 104, 106, 108, 111, 112, 116, 117, 134, 136, 140, 141, 146, 147, 148, 153, 154, 156, 160, 163, 164, 171, 179, 185, 187, 188, 190, 197, 211, 220, 227]",False,25
quality_coverage_sample,55,3.692651831105165,303.7515584900385,186.5747053750954,1112.3289664888052,0.0346448293365463,0.2114619361710316,1.0,0.0,0.0,0.0,0.0,False,3.487562481459598,0.2,"[0, 1, 4, 8, 20, 24, 28, 38, 40, 45, 46, 51, 53, 57, 58, 66, 94, 96, 97, 102, 105, 111, 118, 120, 121, 138, 143, 145, 147, 152, 153, 161, 164, 174, 175, 178, 181, 183, 198, 201, 203, 205, 207, 217, 221, 225]",False,25
quality_coverage_sample,56,3.567045162731368,290.9771124154406,198.82430099742132,866.4573018754322,0.0351627968491287,0.1172736652936672,1.0,0.0,0.0,0.0,0.0,False,3.3745355684887164,0.2,"[6, 7, 13, 17, 26, 29, 34, 36, 38, 45, 48, 50, 64, 65, 66, 79, 90, 92, 93, 95, 103, 107, 111, 114, 115, 117, 122, 128, 139, 141, 153, 171, 172, 176, 179, 187, 192, 194, 195, 204, 205, 209, 210, 213, 217, 227]",False,25
quality_coverage_sample,57,3.729126222905928,302.630985587542,204.70071866447188,981.105113466251,0.036208392085883,0.2388128717502928,1.0,0.0,0.0,0.0,0.0,False,3.490951135011468,0.2,"[12, 25, 35, 41, 43, 46, 50, 53, 54, 56, 59, 65, 71, 72, 76, 85, 87, 88, 89, 91, 96, 103, 109, 110, 116, 122, 126, 132, 138, 139, 141, 143, 147, 153, 157, 160, 164, 166, 177, 183, 189, 190, 197, 199, 201, 216]",False,25
quality_coverage_sample,58,3.4545284632848303,293.9851768687922,204.90220529812552,800.7252983619552,0.0355433802885168,0.032901127570118,1.0,0.0,0.0,0.0,0.0,False,3.3526625536919488,0.2,"[2, 6, 11, 12, 14, 16, 19, 20, 30, 34, 36, 42, 45, 48, 53, 57, 58, 60, 67, 72, 75, 76, 87, 88, 95, 104, 114, 115, 119, 122, 125, 136, 141, 143, 146, 149, 161, 166, 167, 171, 180, 187, 191, 196, 208, 222]",False,25
quality_coverage_sample,59,3.728325488607025,300.4930737638498,199.20708568570177,967.8923389359088,0.0355111753811588,0.2382124276813412,1.0,0.0,0.0,0.0,0.0,False,3.406136308612121,0.2,"[3, 4, 7, 14, 15, 17, 27, 34, 38, 41, 46, 49, 50, 51, 56, 58, 63, 70, 74, 80, 85, 88, 92, 100, 110, 112, 113, 114, 122, 137, 138, 139, 148, 156, 157, 159, 168, 173, 176, 177, 195, 205, 210, 221, 223, 226]",False,25
quality_coverage_sample,60,3.735931899852416,297.6244239053556,193.84721330875067,993.116426241498,0.0363567028067575,0.2439162229659471,1.0,0.0,0.0,0.0,0.0,False,3.5629253661296585,0.2,"[3, 8, 26, 28, 30, 31, 35, 38, 39, 40, 44, 51, 62, 64, 66, 74, 89, 93, 94, 99, 100, 104, 105, 109, 112, 113, 118, 119, 134, 141, 144, 150, 154, 159, 161, 171, 181, 188, 192, 193, 204, 206, 212, 217, 219, 221]",False,25
quality_coverage_sample,61,3.4903109894564937,306.8150815451578,211.03880285592533,960.622267191026,0.0383983810594719,0.0597332560818244,1.0,0.0,0.0,0.0,0.0,False,3.323291370463092,0.2,"[4, 6, 7, 8, 10, 17, 34, 41, 43, 49, 56, 61, 65, 72, 84, 87, 90, 95, 97, 103, 107, 108, 112, 120, 121, 124, 131, 136, 137, 141, 148, 149, 153, 161, 163, 164, 176, 179, 185, 190, 202, 206, 207, 208, 219, 221]",False,25
quality_coverage_sample,62,3.5372001928388848,304.0694650513728,194.21105061667183,824.7587827802439,0.0344082947599785,0.0948939131280056,1.0,0.0,0.0,0.0,0.0,False,3.431899450529876,0.2,"[2, 6, 11, 24, 28, 30, 31, 40, 42, 46, 61, 62, 65, 73, 75, 84, 85, 88, 97, 100, 103, 104, 112, 116, 119, 123, 124, 131, 135, 137, 141, 144, 145, 147, 149, 164, 165, 168, 174, 175, 188, 207, 209, 219, 221, 223]",False,25
quality_coverage_sample,63,3.601016645648229,298.3730281904205,219.04218835448893,1010.5300394830498,0.0345924826649917,0.1427477525893904,1.0,0.0,0.0,0.0,0.0,False,3.4615729605122487,0.2,"[0, 3, 4, 7, 9, 10, 15, 26, 43, 45, 47, 56, 59, 66, 68, 77, 88, 90, 103, 107, 108, 110, 113, 118, 119, 120, 125, 132, 134, 135, 143, 163, 166, 177, 179, 193, 194, 199, 202, 203, 207, 208, 214, 216, 221, 227]",False,25
quality_coverage_sample,64,3.5066189889737265,301.0412278864483,212.2942497018078,848.975033694281,0.0384299294758396,0.0719620835468278,1.0,0.0,0.0,0.0,0.0,False,3.40254613966282,0.2,"[2, 9, 14, 18, 20, 26, 28, 30, 35, 45, 52, 57, 60, 68, 82, 94, 95, 99, 101, 102, 103, 107, 109, 112, 118, 119, 124, 129, 131, 133, 143, 147, 161, 170, 176, 178, 184, 185, 192, 195, 198, 203, 206, 213, 226, 227]",False,25
quality_coverage_sample,65,3.7288450312687527,304.3387895598432,202.1785015336695,954.4840734781249,0.0362203194701985,0.2386020154762306,1.0,0.0,0.0,0.0,0.0,False,3.5694986262839112,0.2,"[2, 28, 32, 41, 45, 46, 53, 54, 55, 61, 68, 72, 79, 84, 95, 98, 101, 104, 120, 124, 125, 129, 131, 132, 133, 136, 138, 146, 147, 148, 151, 154, 158, 161, 176, 178, 188, 191, 192, 196, 200, 205, 206, 213, 214, 225]",False,25
quality_coverage_sample,66,3.534931187595902,300.45050110445595,190.82621707640487,1010.8699394677,0.0382790102457123,0.0931924614199466,1.0,0.0,0.0,0.0,0.0,False,3.326525025921984,0.2,"[0, 7, 12, 14, 15, 19, 20, 21, 42, 43, 51, 54, 68, 78, 80, 94, 95, 104, 112, 117, 120, 122, 124, 132, 133, 137, 138, 141, 156, 160, 167, 169, 174, 175, 176, 182, 183, 191, 195, 200, 204, 205, 210, 219, 221, 223]",False,25
quality_coverage_sample,67,3.8078743736866367,304.78933862017254,205.1307259027061,1073.9405541149454,0.0359705745882217,0.2978634958362057,1.0,0.0,0.0,0.0,0.0,False,3.5884170159547386,0.2,"[12, 15, 17, 21, 26, 33, 46, 50, 53, 60, 76, 77, 80, 96, 98, 102, 111, 118, 119, 123, 129, 131, 132, 134, 139, 140, 143, 145, 149, 150, 151, 152, 154, 167, 172, 176, 183, 189, 197, 203, 205, 206, 209, 211, 219, 221]",False,25
quality_coverage_sample,68,3.570210846452919,295.8994197455244,192.73333705808997,948.0041825368316,0.0363752115859795,0.1196475064259722,1.0,0.0,0.0,0.0,0.0,False,3.3951487294613307,0.2,"[4, 11, 12, 13, 14, 25, 28, 32, 34, 36, 38, 56, 65, 69, 70, 73, 74, 88, 94, 96, 100, 105, 108, 112, 120, 121, 124, 125, 128, 136, 139, 140, 143, 150, 162, 167, 172, 176, 184, 189, 192, 198, 207, 208, 217, 222]",False,25
quality_coverage_sample,69,3.53627977064988,301.08802453367696,189.12979759832044,969.0042394811188,0.0348435182257103,0.094203719083518,1.0,0.0,0.0,0.0,0.0,False,3.3569603585866914,0.2,"[0, 1, 3, 11, 18, 30, 34, 44, 50, 54, 56, 60, 61, 68, 75, 83, 95, 98, 104, 109, 112, 113, 115, 125, 132, 134, 136, 145, 148, 165, 167, 169, 171, 181, 187, 192, 194, 195, 198, 204, 205, 208, 217, 219, 224, 225]",False,25
quality_coverage_sample,70,3.5962143801129853,287.8060564220307,206.60084010163064,769.4643960888616,0.0344050200626749,0.1391466930842334,1.0,0.0,0.0,0.0,0.0,False,3.5126305291173323,0.2,"[1, 2, 16, 21, 22, 34, 38, 46, 59, 65, 67, 70, 73, 74, 84, 87, 91, 94, 95, 102, 104, 105, 108, 111, 116, 119, 122, 125, 128, 129, 139, 145, 148, 161, 162, 163, 172, 188, 190, 192, 197, 201, 202, 207, 226, 227]",False,25
quality_coverage_sample,71,3.569524934208208,311.1899791599891,213.9872622015664,1014.3836477864712,0.0361872670397599,0.1191331636037365,1.0,0.0,0.0,0.0,0.0,False,3.390794040192113,0.2,"[1, 4, 5, 16, 20, 21, 32, 37, 46, 57, 58, 59, 62, 74, 81, 92, 97, 104, 106, 109, 113, 118, 122, 123, 131, 143, 144, 149, 150, 158, 160, 170, 174, 178, 179, 185, 186, 189, 190, 192, 195, 197, 198, 203, 216, 219]",False,25
quality_coverage_sample,72,3.670330684633997,297.57415371281536,206.2971299299906,878.6782639624645,0.0362848126796341,0.194724049422351,1.0,0.0,0.0,0.0,0.0,False,3.528837057220682,0.2,"[6, 10, 11, 18, 19, 23, 31, 35, 53, 54, 58, 69, 72, 73, 75, 81, 94, 95, 96, 99, 102, 103, 107, 111, 119, 124, 127, 132, 139, 146, 160, 161, 178, 180, 187, 192, 193, 195, 196, 207, 208, 209, 216, 220, 221, 227]",False,25
quality_coverage_sample,73,3.666191925954523,302.5348881056376,224.6879203157127,933.2338641903038,0.0370748641922809,0.1916205316820486,1.0,0.0,0.0,0.0,0.0,False,3.4741777033723893,0.2,"[4, 5, 6, 15, 21, 26, 29, 33, 44, 48, 49, 55, 60, 70, 74, 81, 99, 100, 102, 106, 110, 112, 115, 116, 122, 123, 124, 127, 135, 138, 139, 140, 143, 145, 149, 153, 155, 167, 171, 172, 174, 184, 203, 204, 215, 219]",False,25
quality_coverage_sample,74,3.648460320063052,304.0191514879607,206.758681233916,948.897871413735,0.0374017647051887,0.178324189056143,1.0,0.0,0.0,0.0,0.0,False,3.4520069606687294,0.2,"[1, 7, 12, 14, 18, 19, 32, 39, 46, 48, 50, 55, 56, 58, 59, 70, 77, 80, 84, 87, 95, 102, 105, 107, 112, 120, 126, 127, 132, 135, 148, 149, 155, 158, 167, 172, 182, 184, 185, 197, 199, 203, 204, 212, 221, 227]",False,25
quality_coverage_sample,75,3.764763958210735,316.8840700242769,230.33392194888847,1390.8849763447297,0.0369499330840769,0.2655364263975335,1.0,0.0,0.0,0.0,0.0,False,3.574154382967879,0.2,"[1, 6, 11, 14, 15, 16, 19, 23, 26, 29, 45, 53, 54, 58, 59, 74, 76, 78, 84, 92, 94, 98, 102, 115, 120, 121, 123, 124, 125, 134, 137, 146, 150, 152, 153, 160, 169, 180, 183, 192, 203, 206, 213, 216, 221, 222]",False,25
quality_coverage_sample,76,3.696860342117672,313.77025839491296,206.39782277478332,1142.3967739923205,0.0381462807615193,0.2146177588703227,1.0,0.0,0.0,0.0,0.0,False,3.5966136413551246,0.2,"[0, 3, 6, 20, 27, 45, 52, 57, 60, 70, 73, 74, 78, 88, 95, 97, 101, 103, 107, 109, 111, 115, 118, 119, 125, 129, 130, 137, 138, 150, 153, 158, 166, 171, 175, 176, 178, 183, 188, 189, 193, 207, 209, 218, 222, 223]",False,25
quality_coverage_sample,77,3.685362453802698,309.6074695952681,199.1120168138349,971.3096453101068,0.0352452393174001,0.2059958741157205,1.0,0.0,0.0,0.0,0.0,False,3.4776985961938878,0.2,"[0, 11, 12, 13, 23, 24, 34, 53, 55, 57, 58, 63, 66, 72, 73, 74, 76, 94, 96, 101, 102, 107, 113, 118, 120, 121, 126, 133, 135, 136, 138, 140, 156, 157, 162, 169, 173, 176, 186, 188, 190, 197, 201, 210, 211, 217]",False,25
quality_coverage_sample,78,3.635531482613344,302.0628261134071,196.63682035418307,974.241408345972,0.0363652963417009,0.1686292830482974,1.0,0.0,0.0,0.0,0.0,False,3.42524559911182,0.2,"[0, 6, 11, 12, 16, 24, 32, 38, 45, 46, 49, 50, 52, 55, 70, 76, 77, 84, 102, 107, 109, 111, 114, 117, 136, 138, 148, 156, 161, 162, 163, 167, 168, 169, 177, 184, 186, 190, 195, 199, 205, 213, 215, 216, 218, 221]",False,25
quality_coverage_sample,79,3.5922993054724293,300.2212284194932,197.2481004478867,964.1000384346828,0.0352999501322849,0.1362109085791273,1.0,0.0,0.0,0.0,0.0,False,3.46060135308151,0.2,"[4, 7, 9, 18, 27, 30, 36, 45, 52, 53, 61, 65, 71, 77, 87, 88, 91, 92, 94, 103, 107, 110, 112, 117, 124, 129, 132, 138, 141, 144, 145, 148, 149, 150, 154, 157, 169, 171, 173, 177, 188, 192, 205, 206, 221, 226]",False,25
quality_coverage_sample,80,3.5869487519996563,297.51861409800847,214.1126354904252,1077.0686872784863,0.0372407663504618,0.1321987061510077,1.0,0.0,0.0,0.0,0.0,False,3.4201943256258285,0.2,"[0, 3, 4, 5, 11, 16, 20, 21, 38, 45, 47, 48, 51, 61, 65, 71, 72, 74, 77, 80, 94, 103, 113, 116, 117, 118, 122, 124, 135, 136, 142, 143, 147, 149, 165, 173, 178, 180, 186, 194, 208, 211, 212, 213, 216, 227]",False,25
quality_coverage_sample,81,3.5316573812510392,294.2743653420407,204.66578458632532,1008.6143609957968,0.0352110445732441,0.0907375427217422,1.0,0.0,0.0,0.0,0.0,False,3.353507918768546,0.2,"[1, 4, 5, 13, 16, 27, 28, 32, 35, 39, 45, 49, 58, 62, 64, 66, 68, 69, 71, 73, 87, 88, 92, 104, 115, 117, 121, 124, 128, 139, 143, 152, 156, 161, 167, 169, 171, 174, 195, 197, 198, 202, 209, 216, 217, 221]",False,25
quality_coverage_sample,82,3.6188148305263073,292.83686695550296,181.5611591219796,766.040396470747,0.0377144376910495,0.1560940205871455,1.0,0.0,0.0,0.0,0.0,False,3.4127946239067284,0.2,"[0, 1, 3, 4, 5, 10, 11, 12, 15, 24, 40, 44, 46, 50, 63, 64, 68, 69, 71, 80, 85, 87, 94, 95, 101, 103, 104, 112, 119, 124, 125, 128, 132, 140, 142, 151, 162, 169, 171, 183, 192, 203, 210, 216, 221, 223]",False,25
quality_coverage_sample,83,3.562179550852361,308.27526495032885,205.82794479129217,858.8976447870834,0.0369162668297138,0.1136251044682166,1.0,0.0,0.0,0.0,0.0,False,3.35723299655777,0.2,"[3, 4, 6, 8, 13, 14, 17, 29, 35, 37, 46, 53, 55, 58, 59, 68, 77, 81, 84, 90, 91, 94, 97, 98, 103, 110, 114, 117, 127, 129, 131, 133, 140, 141, 142, 158, 159, 160, 163, 180, 182, 185, 200, 203, 216, 219]",False,25
quality_coverage_sample,84,3.638993515286288,296.8038208605713,216.3375858112754,887.0305344004615,0.0384930447329896,0.1712253464214231,1.0,0.0,0.0,0.0,0.0,False,3.4157943036981635,0.2,"[1, 2, 9, 11, 15, 17, 18, 25, 26, 39, 46, 49, 53, 54, 58, 60, 70, 71, 75, 84, 87, 95, 98, 102, 107, 111, 115, 116, 117, 135, 139, 141, 146, 148, 149, 152, 155, 163, 165, 180, 185, 192, 200, 213, 218, 222]",False,25
quality_coverage_sample,85,3.676049197620965,290.720182869195,211.5251876610326,845.7204980621566,0.035435943647015,0.1990121724750963,1.0,0.0,0.0,0.0,0.0,False,3.3691802874165617,0.2,"[2, 6, 8, 17, 20, 23, 26, 32, 33, 45, 47, 51, 56, 57, 59, 63, 66, 81, 90, 91, 92, 98, 114, 117, 122, 123, 129, 132, 133, 134, 143, 146, 154, 156, 164, 167, 178, 180, 185, 186, 204, 210, 211, 214, 217, 226]",False,25
quality_coverage_sample,86,3.5568335315363844,296.01784879351715,194.3461814656121,834.2693194864005,0.0366883238486773,0.1096163020537588,1.0,0.0,0.0,0.0,0.0,False,3.46140694812347,0.2,"[3, 4, 11, 13, 16, 28, 31, 37, 39, 43, 47, 51, 52, 60, 65, 70, 74, 76, 78, 84, 87, 96, 102, 112, 115, 117, 121, 126, 129, 131, 133, 135, 137, 141, 150, 166, 170, 174, 175, 176, 180, 193, 195, 201, 208, 224]",False,25
quality_coverage_sample,87,3.71098829366514,302.1737375823168,192.42345827366543,1039.3249978715214,0.0376534315445406,0.2252118407333589,1.0,0.0,0.0,0.0,0.0,False,3.598775489367753,0.2,"[0, 6, 12, 13, 28, 31, 33, 36, 39, 40, 41, 51, 53, 54, 65, 74, 77, 80, 84, 93, 100, 104, 110, 115, 116, 119, 121, 126, 134, 143, 144, 160, 161, 169, 171, 173, 179, 187, 192, 210, 212, 217, 220, 221, 222, 225]",False,25
quality_coverage_sample,88,3.6087779037628,301.1753532678068,203.1337010415381,869.1732533031287,0.0368270296312066,0.1485676624007776,1.0,0.0,0.0,0.0,0.0,False,3.399972945265059,0.2,"[2, 3, 13, 17, 19, 23, 30, 34, 41, 53, 58, 61, 66, 79, 83, 91, 93, 105, 112, 120, 121, 123, 127, 128, 129, 140, 141, 145, 147, 148, 150, 161, 172, 174, 175, 176, 179, 186, 191, 195, 200, 203, 210, 217, 218, 221]",False,25
quality_coverage_sample,89,3.606091303606223,302.77247120848585,197.0709384717327,1063.5630040275548,0.0398492339058508,0.1465530701298179,1.0,0.0,0.0,0.0,0.0,False,3.392726057876551,0.2,"[0, 4, 6, 7, 35, 43, 45, 49, 51, 55, 56, 58, 69, 70, 73, 81, 83, 85, 88, 93, 94, 98, 103, 109, 113, 115, 117, 118, 124, 125, 131, 132, 143, 145, 148, 158, 163, 169, 176, 190, 201, 203, 204, 206, 223, 227]",False,25
quality_coverage_sample,90,3.542902817215906,295.3465374060109,192.9362681946766,858.567401450996,0.0364596497092852,0.0991701218396028,1.0,0.0,0.0,0.0,0.0,False,3.3293262840546465,0.2,"[1, 3, 4, 13, 20, 22, 27, 37, 39, 47, 52, 53, 54, 55, 60, 67, 83, 85, 88, 91, 92, 100, 108, 113, 116, 118, 120, 128, 132, 136, 140, 145, 150, 169, 176, 177, 185, 188, 192, 195, 198, 203, 204, 210, 212, 222]",False,25
quality_coverage_sample,91,3.6344716059786113,306.59947232384087,201.8052292389519,1049.5059607513665,0.0372714876075757,0.1678345167443967,1.0,0.0,0.0,0.0,0.0,False,3.352515152500406,0.2,"[3, 6, 15, 24, 32, 40, 52, 55, 67, 68, 70, 81, 82, 84, 85, 89, 99, 103, 110, 112, 113, 117, 121, 128, 129, 130, 140, 146, 147, 148, 152, 160, 163, 169, 183, 184, 188, 192, 201, 202, 207, 214, 217, 219, 222, 223]",False,25
quality_coverage_sample,92,3.6320413254567097,302.24415580700725,201.28977259605423,927.5970490841348,0.035958020773803,0.1660121300584952,1.0,0.0,0.0,0.0,0.0,False,3.4482334049322696,0.2,"[4, 5, 11, 13, 14, 17, 20, 23, 39, 51, 52, 53, 61, 64, 66, 73, 74, 77, 97, 98, 102, 106, 111, 114, 122, 128, 129, 131, 137, 140, 143, 145, 147, 148, 150, 153, 154, 156, 162, 163, 172, 173, 187, 204, 213, 220]",False,25
quality_coverage_sample,93,3.686994575852975,304.8290725726316,223.0874059427214,955.8273344838018,0.0356733742319656,0.2072197482600368,1.0,0.0,0.0,0.0,0.0,False,3.645093604683415,0.2,"[5, 9, 15, 16, 30, 33, 38, 49, 50, 55, 59, 69, 74, 77, 80, 82, 84, 90, 94, 101, 108, 110, 115, 117, 129, 139, 142, 143, 149, 155, 156, 159, 164, 165, 171, 172, 173, 184, 189, 203, 205, 212, 217, 220, 223, 226]",False,25
quality_coverage_sample,94,3.656122235352166,311.6342576290739,233.8394790383529,1017.841245263333,0.0388532604666734,0.1840696049805815,1.0,0.0,0.0,0.0,0.0,False,3.5588304616287405,0.2,"[1, 4, 11, 17, 24, 26, 28, 30, 34, 36, 42, 59, 63, 70, 71, 75, 77, 92, 95, 97, 99, 109, 119, 126, 132, 133, 134, 137, 140, 155, 160, 162, 169, 171, 173, 176, 180, 192, 194, 195, 205, 208, 212, 214, 218, 227]",False,25
quality_coverage_sample,95,3.5724273922326777,285.3001433043024,195.4868190297611,796.5652027877869,0.0393271849005381,0.1213096205240444,1.0,0.0,0.0,0.0,0.0,False,3.344193333632968,0.2,"[2, 6, 7, 8, 9, 10, 23, 24, 26, 29, 32, 39, 44, 46, 56, 64, 68, 70, 99, 101, 105, 107, 108, 114, 116, 119, 130, 135, 143, 145, 155, 162, 163, 167, 174, 176, 186, 196, 197, 204, 205, 213, 216, 217, 221, 224]",False,25
quality_coverage_sample,96,3.637149994168817,297.0793847341502,191.38246867094315,840.6150033757638,0.0362972472202096,0.169842951134385,1.0,0.0,0.0,0.0,0.0,False,3.463728434420562,0.2,"[1, 2, 6, 14, 17, 18, 36, 42, 43, 44, 50, 51, 56, 57, 64, 69, 75, 83, 84, 95, 97, 103, 108, 110, 114, 115, 121, 131, 135, 138, 141, 153, 157, 158, 166, 167, 168, 187, 189, 192, 195, 198, 205, 207, 210, 214]",False,25
quality_coverage_sample,97,3.75758218784477,299.7266583691714,198.7588645170654,882.590372759898,0.0375680266243111,0.2601510552117024,1.0,0.0,0.0,0.0,0.0,False,3.482472567500724,0.2,"[1, 2, 8, 14, 17, 21, 24, 28, 34, 36, 49, 55, 70, 82, 84, 92, 95, 96, 101, 104, 107, 108, 109, 110, 112, 121, 131, 134, 135, 148, 156, 157, 159, 168, 171, 174, 181, 183, 188, 192, 200, 203, 214, 215, 216, 219]",False,25
quality_coverage_sample,98,3.572104626910295,295.19346625429137,197.0692022475884,848.2528278733118,0.0353448601282041,0.1210675895235572,1.0,0.0,0.0,0.0,0.0,False,3.3465114213171923,0.2,"[0, 6, 7, 11, 13, 14, 16, 30, 40, 41, 42, 50, 54, 55, 72, 73, 75, 76, 77, 85, 91, 92, 102, 111, 114, 116, 117, 124, 132, 137, 145, 148, 156, 165, 168, 173, 174, 178, 182, 186, 191, 197, 200, 203, 218, 221]",False,25
quality_coverage_sample,99,3.410652501009182,297.24082788608905,204.1918085361663,966.6960858947276,0.0381014541603197,0.0,1.0,0.0,0.0,0.0,0.0,True,3.3223383209460207,0.2,"[0, 1, 3, 5, 13, 15, 16, 37, 46, 47, 58, 61, 67, 70, 73, 77, 79, 92, 95, 102, 106, 108, 109, 111, 112, 114, 121, 125, 128, 129, 132, 135, 136, 142, 150, 161, 162, 172, 176, 185, 190, 201, 203, 205, 208, 222]",True,25
degree,0,4.201600828962141,345.52830860088835,252.75851437310945,1652.5023737186611,0.1400114568053675,0.593105894199269,1.0,0.0,0.0,0.0,0.0,False,4.011766587251286,0.2,"[18, 22, 24, 25, 26, 33, 41, 47, 48, 52, 54, 57, 58, 59, 60, 61, 63, 64, 65, 66, 67, 68, 69, 72, 77, 81, 83, 84, 85, 87, 90, 92, 95, 96, 99, 100, 102, 104, 107, 141, 142, 143, 145, 146, 148, 215]",False,25
top_variance,0,3.662077665399245,365.34597494398486,270.48553322167515,1514.6376830720258,0.060086035112792,0.1885353842718225,1.0,0.0,0.0,0.0,0.0,False,3.4603730341783105,0.2,"[0, 1, 5, 6, 7, 11, 15, 30, 34, 36, 39, 52, 55, 58, 59, 60, 71, 75, 82, 84, 85, 106, 112, 113, 114, 117, 118, 121, 122, 125, 126, 129, 136, 141, 147, 150, 159, 180, 185, 190, 198, 199, 205, 209, 216, 222]",False,25
coverage,0,3.806301818033424,304.99176202041605,211.56306825225053,1283.125553476915,0.0386308099006583,0.2966842885556356,1.0,0.0,0.0,0.0,0.0,False,3.638669704696426,0.2,"[1, 2, 3, 5, 8, 13, 21, 29, 40, 42, 56, 58, 61, 63, 66, 70, 87, 92, 93, 96, 104, 109, 111, 114, 123, 125, 130, 135, 137, 141, 148, 149, 156, 166, 167, 171, 194, 196, 199, 200, 211, 218, 224, 225, 226, 227]",False,25
greedy_a_trace,0,3.5873719287163337,252.7847156076752,174.72420231476252,827.4429067049239,0.0354842330684903,0.1325160323227423,1.0,0.0,0.0,0.0,0.0,False,3.411395967769403,0.2,"[11, 13, 20, 21, 22, 31, 41, 42, 43, 44, 45, 48, 54, 55, 57, 64, 65, 67, 75, 76, 95, 100, 103, 111, 112, 124, 139, 144, 146, 157, 164, 179, 186, 188, 190, 193, 194, 199, 201, 202, 204, 208, 214, 217, 224, 226]",False,25
greedy_d_logdet,0,4.744222670667991,285.7083645759104,197.79730707403544,2495.738821564474,0.0488947808357289,1.0,1.0,0.0,0.0,0.0,0.0,False,4.157522879791632,0.2,"[1, 9, 13, 16, 20, 21, 22, 23, 25, 38, 42, 47, 49, 54, 57, 63, 64, 67, 86, 89, 105, 108, 111, 114, 123, 130, 135, 138, 142, 143, 144, 154, 179, 181, 182, 188, 193, 201, 204, 215, 218, 220, 224, 225, 226, 227]",False,25
robust_coverage_cvar,0,3.572752369103352,276.6253793244582,136.50616216660916,847.0925354616254,0.0324602135041356,0.121553309891179,1.0,0.0,0.0,0.0,0.0,False,3.511629707083604,0.2,"[10, 11, 13, 18, 26, 28, 31, 35, 43, 58, 59, 62, 69, 71, 76, 79, 81, 86, 87, 88, 94, 111, 117, 118, 123, 124, 131, 137, 138, 139, 142, 162, 164, 168, 169, 177, 181, 188, 189, 190, 193, 213, 214, 217, 224, 225]",False,25
scenario_average_a_trace,0,3.7150949716732007,276.60680416259913,135.61040392832885,843.3767736997646,0.0386330615580876,0.228291302243143,1.0,0.0,0.0,0.0,0.0,False,3.5279250612240887,0.2,"[7, 13, 20, 25, 31, 36, 38, 43, 44, 47, 51, 62, 65, 69, 74, 76, 79, 84, 86, 94, 100, 106, 111, 118, 120, 124, 130, 131, 141, 148, 154, 155, 157, 167, 168, 169, 181, 182, 187, 190, 201, 222, 224, 225, 226, 227]",False,25
scenario_cvar_a_trace,0,3.709168120753378,280.1272824275949,132.64955031354688,796.9195420911111,0.0463980311740167,0.2238469534906967,1.0,0.0,0.0,0.0,0.0,False,3.572291834965455,0.2,"[5, 11, 13, 14, 16, 19, 22, 25, 36, 38, 39, 46, 48, 59, 69, 74, 75, 76, 78, 79, 81, 86, 87, 89, 94, 105, 111, 118, 123, 131, 134, 137, 158, 164, 165, 168, 169, 181, 182, 188, 189, 196, 205, 222, 224, 225]",False,25
swap_from_greedy_a_trace,0,3.57763027548802,249.30639316256529,178.42547046875467,854.5465569043888,0.0352305114220355,0.1252110899582876,1.0,0.0,0.0,0.0,0.0,False,3.3955985470276704,0.2,"[2, 11, 13, 16, 21, 22, 41, 42, 43, 44, 46, 47, 54, 55, 57, 64, 65, 67, 76, 86, 88, 95, 108, 111, 118, 130, 142, 143, 144, 155, 157, 174, 179, 188, 190, 193, 194, 199, 201, 202, 204, 208, 214, 222, 224, 226]",False,25
swap_from_scenario_average,0,3.620578879533594,251.1168872522984,172.16133832620864,850.1390367533809,0.0377290889796368,0.1574168223769741,1.0,0.0,0.0,0.0,0.0,False,3.3285283035492603,0.2,"[11, 13, 16, 21, 22, 25, 42, 43, 44, 46, 47, 54, 55, 65, 69, 74, 76, 85, 86, 88, 94, 100, 111, 118, 120, 124, 130, 142, 144, 148, 157, 174, 179, 182, 188, 190, 193, 194, 199, 201, 204, 208, 222, 224, 226, 227]",False,25
swap_from_scenario_cvar,0,3.5042928618137035,252.20783970161008,172.41870373957892,843.8176081186758,0.0364012375264384,0.0702177980094434,1.0,0.0,0.0,0.0,0.0,False,3.2946697664463165,0.2,"[11, 13, 14, 16, 19, 21, 22, 25, 37, 42, 46, 48, 54, 59, 64, 69, 76, 78, 81, 86, 87, 94, 108, 111, 118, 122, 139, 142, 144, 159, 165, 174, 179, 182, 188, 191, 193, 194, 196, 201, 204, 208, 214, 222, 224, 225]",False,25
swap_from_best_random_trace,19,3.541851729272281,252.57933134670716,173.19891325907412,861.6193835121475,0.0369644932202963,0.0983819458834075,1.0,0.0,0.0,0.0,0.0,False,3.419136034180537,0.2,"[1, 6, 16, 21, 22, 27, 41, 42, 44, 46, 47, 49, 54, 67, 71, 76, 78, 79, 83, 94, 102, 111, 114, 123, 124, 134, 136, 139, 144, 146, 148, 157, 177, 179, 188, 190, 191, 193, 194, 197, 201, 204, 205, 222, 224, 226]",False,25
multistart_swap_by_validation,45,3.492040870230426,252.22564808431943,176.21790892583456,825.7873654925071,0.0353544291874257,0.0610304362477358,1.0,0.0,0.0,0.0,0.0,False,3.3344299244858697,0.2,"[1, 2, 13, 21, 22, 27, 38, 41, 42, 44, 45, 46, 48, 57, 59, 64, 65, 67, 76, 89, 99, 103, 105, 108, 111, 118, 120, 125, 130, 142, 144, 157, 159, 174, 179, 180, 188, 193, 194, 201, 204, 206, 208, 222, 224, 226]",False,25
validation_swap,1,3.291812723780529,302.0097724352014,204.65571923190612,1152.693461741712,0.0404900825680646,0.0,1.0,0.0,0.0,0.0,0.0,,,0.2,"[0, 1, 3, 5, 13, 15, 25, 37, 46, 54, 58, 61, 67, 70, 73, 77, 79, 92, 95, 102, 106, 108, 109, 112, 114, 121, 125, 128, 129, 132, 135, 136, 143, 150, 161, 162, 172, 176, 185, 190, 201, 203, 205, 208, 222, 224]",False,25
validation_swap,2,3.3060917378325074,290.7934677339915,200.3074012706731,789.6993400664647,0.0354866243635896,0.7527003097312639,1.0,0.0,0.0,0.0,0.0,,,0.2,"[0, 2, 8, 9, 16, 30, 37, 41, 44, 48, 50, 51, 54, 56, 58, 59, 67, 71, 80, 88, 92, 96, 99, 107, 116, 117, 118, 121, 124, 126, 129, 131, 135, 137, 148, 149, 155, 170, 177, 178, 179, 180, 197, 201, 217, 221]",False,25
validation_swap,3,3.310783107965805,300.59141762898366,197.33804942010423,976.8368333370396,0.0356207482850709,1.0,1.0,0.0,0.0,0.0,0.0,,,0.2,"[0, 10, 12, 23, 25, 30, 31, 53, 61, 63, 66, 69, 77, 82, 87, 91, 94, 104, 112, 113, 115, 124, 125, 127, 128, 129, 131, 136, 141, 145, 155, 158, 165, 170, 179, 183, 185, 191, 198, 204, 208, 211, 212, 214, 219, 224]",False,25
