source,layout_id,validation_mae,posterior_trace,scenario_cvar_trace,condition_number,coverage_penalty,rcss_score,rcss_validation_weight,rcss_trace_weight,rcss_cvar_weight,rcss_condition_weight,rcss_coverage_weight,auto_weight_selected,auto_weight_tuner_mae,budget,sensors,selected
random_validation_pool,0,1.9109164742442835,295.44772229476075,148.16105381092746,843.2640938008557,0.044570649229210925,0.5775750172411974,1.0,0.0,0.0,0.0,0.0,False,1.9109164742442835,0.2,"[2, 16, 22, 23, 25, 26, 41, 44, 50, 51, 56, 57, 58, 59, 73, 74, 76, 85, 89, 90, 94, 98, 100, 113, 126, 135, 137, 156, 162, 171, 176, 178, 184, 185, 193, 197, 200, 201, 206, 207, 208, 210, 214, 216, 217, 226]",False
quality_coverage_sample,0,1.590157440135849,305.9043755205479,155.48648752528848,873.372266145785,0.03935874592308428,0.12242376808719817,1.0,0.0,0.0,0.0,0.0,False,1.590157440135849,0.2,"[1, 4, 6, 10, 11, 18, 19, 24, 36, 37, 43, 50, 51, 55, 58, 65, 66, 74, 80, 83, 92, 99, 101, 103, 106, 109, 112, 116, 118, 123, 125, 126, 130, 141, 146, 151, 155, 167, 180, 183, 186, 197, 202, 205, 221, 222]",False
quality_coverage_sample,1,1.7344642397997294,298.01202028117234,149.819550436103,887.320758150901,0.03481514753604211,0.3271924983304347,1.0,0.0,0.0,0.0,0.0,False,1.7344642397997294,0.2,"[2, 7, 16, 34, 38, 46, 48, 51, 54, 55, 59, 61, 62, 63, 69, 85, 97, 98, 99, 100, 105, 112, 113, 122, 124, 135, 136, 137, 139, 147, 148, 150, 153, 156, 161, 162, 172, 174, 175, 186, 188, 194, 209, 211, 216, 227]",False
quality_coverage_sample,2,1.7160207861469967,307.5508171346231,165.15896198809182,944.3458039139246,0.038138186625187455,0.3010215722578822,1.0,0.0,0.0,0.0,0.0,False,1.7160207861469967,0.2,"[4, 6, 11, 14, 15, 32, 38, 45, 46, 50, 61, 62, 75, 87, 90, 97, 98, 113, 114, 117, 120, 133, 134, 143, 151, 152, 160, 163, 166, 167, 176, 178, 180, 184, 185, 187, 190, 192, 201, 207, 211, 213, 216, 220, 221, 223]",False
quality_coverage_sample,3,1.6993283252841305,304.33083020919975,152.86732621781988,1027.3238406500825,0.03653216335739353,0.2773352731819865,1.0,0.0,0.0,0.0,0.0,False,1.6993283252841305,0.2,"[0, 1, 2, 18, 28, 32, 34, 38, 43, 55, 57, 63, 69, 72, 76, 77, 78, 83, 88, 92, 96, 104, 105, 113, 117, 126, 129, 133, 135, 137, 143, 149, 150, 163, 177, 178, 179, 180, 184, 195, 208, 213, 216, 221, 222, 226]",False
quality_coverage_sample,4,1.8453370403254012,304.0327889113066,150.1006407241107,970.6673919301363,0.03441384535736243,0.48451899046409685,1.0,0.0,0.0,0.0,0.0,False,1.8453370403254012,0.2,"[2, 7, 8, 26, 29, 37, 39, 40, 45, 47, 55, 56, 64, 66, 70, 71, 72, 74, 84, 85, 88, 90, 95, 100, 114, 122, 124, 125, 137, 139, 145, 149, 154, 169, 171, 184, 185, 187, 202, 208, 211, 212, 213, 214, 218, 219]",False
quality_coverage_sample,5,1.7291676256496435,311.52048278629024,159.27710210271732,972.9856383337816,0.03598243797193848,0.3196766989597352,1.0,0.0,0.0,0.0,0.0,False,1.7291676256496435,0.2,"[2, 3, 5, 15, 31, 32, 44, 52, 53, 56, 61, 65, 66, 67, 70, 71, 76, 84, 85, 90, 92, 113, 115, 118, 122, 126, 128, 129, 136, 141, 144, 153, 154, 159, 160, 161, 162, 163, 178, 180, 193, 196, 197, 201, 212, 227]",False
quality_coverage_sample,6,1.9345849550658183,297.90742257058,145.22648167968907,913.2017792342173,0.03532498018463886,0.6111601620569698,1.0,0.0,0.0,0.0,0.0,False,1.9345849550658183,0.2,"[0, 4, 5, 14, 17, 33, 35, 45, 48, 51, 56, 69, 76, 77, 84, 90, 92, 101, 111, 112, 117, 121, 126, 127, 128, 133, 140, 142, 143, 155, 159, 160, 161, 172, 173, 175, 186, 187, 196, 198, 200, 201, 207, 212, 219, 221]",False
quality_coverage_sample,7,1.7379469025341474,296.05873787374503,141.87137004448857,826.9009320703083,0.03628998509166174,0.3321343335568637,1.0,0.0,0.0,0.0,0.0,False,1.7379469025341474,0.2,"[0, 2, 10, 15, 19, 26, 28, 34, 43, 60, 62, 64, 65, 81, 93, 94, 99, 100, 101, 104, 113, 114, 116, 119, 121, 137, 139, 145, 149, 158, 161, 163, 170, 173, 181, 185, 187, 190, 191, 194, 206, 208, 212, 216, 218, 222]",False
quality_coverage_sample,8,1.9083558173482953,303.48496036632764,159.8192759406314,1143.97341024029,0.03334872121063005,0.5739414915694939,1.0,0.0,0.0,0.0,0.0,False,1.9083558173482953,0.2,"[0, 3, 7, 9, 15, 20, 24, 43, 50, 53, 57, 63, 71, 72, 88, 90, 92, 99, 103, 104, 107, 112, 113, 114, 116, 131, 137, 138, 141, 144, 145, 150, 152, 162, 164, 167, 171, 178, 185, 190, 191, 204, 212, 216, 217, 224]",False
quality_coverage_sample,9,1.7775648572521918,289.42149619360856,141.3694716128618,712.8969035893467,0.037777887496784075,0.3883514924249398,1.0,0.0,0.0,0.0,0.0,False,1.7775648572521918,0.2,"[1, 14, 15, 17, 26, 28, 32, 35, 38, 39, 40, 46, 49, 52, 54, 55, 58, 69, 72, 82, 85, 90, 109, 111, 112, 114, 115, 117, 127, 135, 142, 144, 149, 162, 165, 171, 182, 190, 191, 192, 208, 211, 212, 220, 221, 223]",False
quality_coverage_sample,10,1.8610577975303682,308.73329265416663,154.56411447815742,1047.5189748740368,0.03570513889278065,0.5068264596812181,1.0,0.0,0.0,0.0,0.0,False,1.8610577975303682,0.2,"[6, 12, 23, 32, 46, 48, 57, 58, 59, 61, 80, 92, 95, 102, 103, 105, 107, 109, 113, 116, 118, 119, 123, 125, 126, 127, 129, 131, 136, 137, 144, 155, 158, 160, 169, 178, 179, 184, 185, 194, 195, 203, 208, 213, 214, 219]",False
quality_coverage_sample,11,1.7605617188033014,294.7220730885849,143.38798193815515,714.9388904471007,0.035407142407864196,0.36422434749179144,1.0,0.0,0.0,0.0,0.0,False,1.7605617188033014,0.2,"[0, 2, 8, 11, 12, 13, 23, 32, 34, 35, 43, 48, 49, 60, 67, 78, 81, 82, 83, 84, 109, 119, 125, 129, 134, 135, 141, 142, 144, 151, 155, 156, 162, 165, 178, 183, 184, 187, 191, 199, 201, 204, 205, 208, 217, 226]",False
quality_coverage_sample,12,2.026229478671613,295.4205320005062,150.4576997273866,901.4770252226115,0.0343206798796795,0.7412020781427987,1.0,0.0,0.0,0.0,0.0,False,2.026229478671613,0.2,"[0, 10, 15, 20, 21, 26, 34, 41, 44, 52, 68, 71, 72, 79, 80, 84, 87, 99, 108, 113, 114, 116, 119, 125, 129, 132, 134, 135, 137, 143, 146, 149, 150, 153, 159, 161, 169, 175, 177, 183, 184, 188, 192, 194, 202, 219]",False
quality_coverage_sample,13,1.6825804510162425,311.2080301060088,156.66957257228154,1139.1402143411626,0.03540256151652219,0.25357034348985386,1.0,0.0,0.0,0.0,0.0,False,1.6825804510162425,0.2,"[0, 2, 7, 11, 30, 40, 45, 53, 55, 63, 64, 65, 66, 72, 74, 96, 97, 99, 109, 112, 123, 124, 136, 138, 140, 143, 145, 147, 150, 154, 156, 160, 163, 169, 174, 176, 179, 180, 188, 195, 197, 203, 207, 211, 216, 220]",False
quality_coverage_sample,14,1.8209181980862053,288.5412844998616,142.4171981639095,817.4354807530393,0.03700966988537703,0.44986909641214246,1.0,0.0,0.0,0.0,0.0,False,1.8209181980862053,0.2,"[2, 5, 6, 17, 18, 20, 21, 23, 27, 31, 37, 48, 49, 51, 56, 79, 81, 84, 100, 109, 113, 116, 119, 120, 123, 126, 129, 130, 143, 151, 158, 163, 165, 167, 170, 172, 173, 174, 179, 195, 197, 213, 216, 220, 222, 223]",False
quality_coverage_sample,15,1.901995207823292,307.21180523253753,153.90552011873592,1036.0048737202649,0.03643597142715378,0.5649159020682255,1.0,0.0,0.0,0.0,0.0,False,1.901995207823292,0.2,"[4, 12, 17, 19, 24, 26, 28, 29, 44, 53, 54, 55, 65, 72, 77, 78, 84, 101, 103, 107, 112, 113, 116, 118, 120, 121, 128, 132, 135, 137, 140, 141, 154, 155, 160, 164, 169, 173, 181, 198, 201, 203, 205, 206, 209, 217]",False
quality_coverage_sample,16,1.635011348137234,295.3019230497058,145.01203313614366,1014.4465259014446,0.03501223059200073,0.1860706496567674,1.0,0.0,0.0,0.0,0.0,False,1.635011348137234,0.2,"[0, 2, 9, 11, 16, 18, 29, 40, 42, 55, 57, 64, 65, 66, 69, 72, 82, 85, 87, 97, 102, 108, 109, 112, 113, 118, 123, 127, 134, 139, 143, 149, 159, 160, 161, 163, 176, 177, 183, 192, 194, 197, 198, 220, 222, 226]",False
quality_coverage_sample,17,1.7133907845215168,296.7505140410874,147.4598580684981,937.3415566899736,0.034996231412015195,0.29728964767330585,1.0,0.0,0.0,0.0,0.0,False,1.7133907845215168,0.2,"[12, 28, 31, 44, 47, 52, 54, 56, 57, 60, 77, 83, 92, 93, 98, 104, 106, 110, 113, 118, 120, 121, 124, 125, 127, 137, 143, 153, 159, 160, 165, 174, 175, 177, 179, 191, 194, 195, 200, 201, 205, 207, 211, 212, 214, 224]",False
quality_coverage_sample,18,1.7357279885474384,311.7262706348293,156.24340207394698,1115.6899343671037,0.03795633668144126,0.3289857348724243,1.0,0.0,0.0,0.0,0.0,False,1.7357279885474384,0.2,"[2, 18, 30, 39, 40, 49, 52, 54, 55, 60, 67, 68, 71, 81, 82, 85, 97, 99, 102, 106, 113, 116, 118, 121, 123, 125, 127, 134, 135, 145, 147, 149, 156, 160, 163, 165, 172, 180, 181, 188, 193, 198, 206, 216, 221, 222]",False
quality_coverage_sample,19,1.744251891172025,295.9665736011832,142.30754219951393,788.143637318693,0.0359048256094618,0.3410809980285545,1.0,0.0,0.0,0.0,0.0,False,1.744251891172025,0.2,"[0, 2, 13, 15, 16, 18, 19, 26, 28, 35, 37, 41, 48, 52, 66, 71, 73, 77, 84, 90, 91, 92, 100, 105, 106, 116, 126, 134, 135, 139, 148, 149, 155, 165, 172, 175, 179, 182, 187, 199, 201, 202, 206, 208, 216, 222]",False
quality_coverage_sample,20,1.7108364305693258,302.2599317513118,154.13834413445915,842.4344279126012,0.0351509276471757,0.2936650657644821,1.0,0.0,0.0,0.0,0.0,False,1.7108364305693258,0.2,"[1, 2, 3, 6, 25, 29, 37, 43, 46, 50, 55, 57, 58, 71, 74, 75, 87, 95, 103, 107, 115, 125, 126, 128, 129, 133, 136, 142, 160, 161, 167, 168, 173, 178, 183, 186, 190, 192, 197, 201, 202, 207, 214, 215, 216, 226]",False
quality_coverage_sample,21,1.6799051582661428,297.6916776031817,154.56937409289304,866.7741520006683,0.03529089404755954,0.24977415162125982,1.0,0.0,0.0,0.0,0.0,False,1.6799051582661428,0.2,"[4, 7, 11, 12, 14, 17, 32, 35, 36, 42, 46, 52, 57, 62, 63, 66, 68, 76, 85, 87, 92, 98, 113, 114, 116, 117, 126, 130, 138, 142, 143, 152, 158, 164, 165, 174, 175, 178, 185, 195, 199, 203, 204, 219, 220, 222]",False
quality_coverage_sample,22,1.5719390869991585,313.3592546240143,152.2128606541333,1045.384054190189,0.0372920250118374,0.09657225556240949,1.0,0.0,0.0,0.0,0.0,False,1.5719390869991585,0.2,"[0, 5, 7, 12, 15, 16, 30, 52, 62, 63, 65, 67, 68, 71, 73, 85, 93, 98, 107, 110, 112, 113, 116, 123, 127, 129, 131, 134, 136, 143, 146, 148, 156, 166, 171, 176, 179, 184, 189, 191, 194, 195, 210, 211, 221, 225]",False
quality_coverage_sample,23,1.7227662484852713,284.4458307182317,136.3573323253649,755.7136435807228,0.03565155681572864,0.3105932609179404,1.0,0.0,0.0,0.0,0.0,False,1.7227662484852713,0.2,"[0, 1, 2, 6, 7, 16, 19, 23, 25, 26, 34, 53, 54, 59, 67, 68, 75, 79, 82, 87, 95, 103, 104, 112, 114, 117, 120, 123, 129, 138, 140, 142, 144, 154, 159, 162, 170, 171, 178, 179, 193, 210, 211, 223, 224, 226]",False
quality_coverage_sample,24,1.7439855043737245,294.0489412602998,152.7875159798688,977.148775075956,0.03551440062345427,0.34070299999541526,1.0,0.0,0.0,0.0,0.0,False,1.7439855043737245,0.2,"[2, 8, 9, 17, 20, 21, 24, 39, 56, 57, 58, 64, 70, 71, 74, 95, 96, 100, 101, 103, 108, 112, 115, 119, 122, 125, 128, 129, 131, 132, 141, 143, 144, 150, 155, 161, 162, 173, 192, 194, 208, 209, 214, 218, 222, 226]",False
quality_coverage_sample,25,1.8910273873150631,293.5277397674596,147.7074509764136,882.0947322787738,0.036846905695947785,0.5493527637806547,1.0,0.0,0.0,0.0,0.0,False,1.8910273873150631,0.2,"[2, 16, 20, 21, 31, 35, 37, 43, 48, 49, 52, 54, 56, 61, 63, 68, 76, 77, 79, 83, 84, 93, 100, 106, 111, 112, 114, 121, 125, 129, 134, 144, 145, 148, 153, 157, 175, 178, 179, 180, 192, 202, 204, 209, 216, 222]",False
quality_coverage_sample,26,1.6377680141438475,299.6569231080753,154.72451050914287,1011.5766256435901,0.035826067054443585,0.18998230869981836,1.0,0.0,0.0,0.0,0.0,False,1.6377680141438475,0.2,"[1, 4, 5, 15, 19, 20, 28, 30, 37, 43, 45, 52, 53, 55, 82, 90, 92, 99, 111, 117, 121, 123, 127, 128, 133, 143, 145, 154, 156, 159, 160, 161, 165, 166, 174, 175, 182, 186, 195, 213, 216, 217, 218, 219, 220, 223]",False
quality_coverage_sample,27,2.20861230547585,299.60508344959305,146.81911544083215,875.1071534837831,0.03693875722194393,1.0,1.0,0.0,0.0,0.0,0.0,False,2.20861230547585,0.2,"[0, 3, 8, 9, 21, 24, 32, 42, 45, 48, 60, 68, 71, 78, 84, 91, 92, 100, 103, 106, 109, 112, 114, 125, 132, 135, 137, 138, 143, 144, 146, 149, 150, 153, 161, 164, 172, 175, 180, 183, 187, 195, 202, 218, 219, 226]",False
quality_coverage_sample,28,1.7680135766116758,292.49034050787037,144.14977614282023,833.0707425330527,0.03730846346865993,0.3747983985062143,1.0,0.0,0.0,0.0,0.0,False,1.7680135766116758,0.2,"[0, 1, 10, 27, 28, 30, 33, 36, 39, 41, 45, 55, 61, 66, 68, 81, 94, 96, 97, 102, 109, 118, 121, 123, 127, 132, 135, 139, 143, 155, 156, 159, 166, 176, 177, 180, 192, 193, 196, 201, 202, 214, 217, 218, 223, 224]",False
quality_coverage_sample,29,1.909947832903577,302.1499640802008,157.73432341310127,1074.248960480484,0.034424377334683655,0.5762005327549532,1.0,0.0,0.0,0.0,0.0,False,1.909947832903577,0.2,"[0, 9, 12, 20, 24, 43, 50, 53, 57, 58, 69, 74, 84, 87, 89, 92, 95, 97, 108, 110, 113, 122, 123, 124, 133, 135, 138, 143, 147, 152, 156, 162, 169, 171, 174, 184, 185, 195, 198, 200, 203, 204, 219, 221, 222, 226]",False
quality_coverage_sample,30,1.7438772950929018,303.23121352270596,154.5427975186712,1137.9071116845525,0.03852239385605423,0.34054945298941,1.0,0.0,0.0,0.0,0.0,False,1.7438772950929018,0.2,"[4, 6, 7, 12, 13, 23, 41, 52, 61, 63, 65, 73, 77, 82, 84, 94, 104, 105, 114, 115, 124, 125, 131, 133, 134, 138, 143, 144, 147, 148, 172, 173, 184, 186, 188, 192, 197, 199, 203, 205, 206, 211, 214, 218, 222, 226]",False
quality_coverage_sample,31,1.8235358345873964,300.48866258146234,148.13751815167313,866.3318533758935,0.04322761605822035,0.4535834751097211,1.0,0.0,0.0,0.0,0.0,False,1.8235358345873964,0.2,"[2, 5, 10, 33, 34, 35, 46, 49, 50, 53, 54, 58, 67, 75, 77, 83, 84, 88, 90, 92, 94, 98, 100, 108, 120, 123, 125, 126, 132, 137, 148, 149, 158, 161, 163, 173, 194, 198, 208, 212, 214, 216, 221, 222, 226, 227]",False
quality_coverage_sample,32,1.6734451515651079,291.81369074398685,160.4104178927275,954.6373185936728,0.03335427762625021,0.24060751933078692,1.0,0.0,0.0,0.0,0.0,False,1.6734451515651079,0.2,"[2, 3, 7, 11, 17, 18, 23, 32, 40, 49, 55, 58, 61, 64, 70, 77, 80, 82, 100, 102, 111, 112, 116, 121, 124, 128, 132, 139, 141, 143, 145, 147, 151, 156, 157, 160, 187, 191, 193, 204, 206, 207, 208, 211, 214, 222]",False
quality_coverage_sample,33,1.6102479899098736,305.1098074569021,148.57281371572856,876.2809951164845,0.03598360646771898,0.150931893668929,1.0,0.0,0.0,0.0,0.0,False,1.6102479899098736,0.2,"[0, 1, 5, 7, 12, 14, 26, 28, 34, 36, 43, 49, 55, 57, 58, 59, 77, 83, 88, 94, 112, 113, 114, 122, 126, 128, 136, 143, 144, 147, 154, 156, 165, 166, 174, 183, 186, 188, 193, 198, 207, 209, 216, 224, 225, 226]",False
quality_coverage_sample,34,1.734978611598985,298.3224522547611,141.8032116093206,921.8542248713152,0.03572005200199924,0.3279223825801845,1.0,0.0,0.0,0.0,0.0,False,1.734978611598985,0.2,"[7, 12, 14, 26, 28, 34, 35, 37, 38, 48, 52, 57, 60, 69, 82, 83, 91, 94, 96, 106, 111, 115, 117, 120, 124, 130, 133, 137, 138, 142, 148, 149, 150, 161, 178, 179, 180, 194, 200, 205, 206, 213, 214, 216, 219, 225]",False
quality_coverage_sample,35,1.5779668241490343,307.5893988129139,154.58686770806688,979.8485758092472,0.03659806748912013,0.10512550520341718,1.0,0.0,0.0,0.0,0.0,False,1.5779668241490343,0.2,"[0, 2, 5, 7, 11, 14, 17, 20, 28, 34, 42, 52, 53, 60, 73, 77, 91, 92, 98, 112, 113, 122, 123, 124, 126, 130, 131, 138, 143, 147, 148, 150, 152, 154, 160, 166, 167, 177, 184, 186, 190, 192, 198, 200, 208, 222]",False
quality_coverage_sample,36,1.9182205466101667,298.9802784017179,149.1408019466527,1026.9033028158085,0.035813467663841,0.587939363394326,1.0,0.0,0.0,0.0,0.0,False,1.9182205466101667,0.2,"[0, 1, 4, 15, 20, 21, 25, 31, 32, 37, 38, 44, 49, 50, 53, 58, 60, 68, 74, 78, 85, 103, 107, 112, 113, 117, 119, 123, 124, 128, 130, 141, 145, 148, 150, 152, 155, 158, 159, 165, 170, 178, 179, 198, 221, 226]",False
quality_coverage_sample,37,1.7709665189375445,299.04452353672906,154.8831603496315,991.0376739442783,0.035897423843243875,0.37898857008480974,1.0,0.0,0.0,0.0,0.0,False,1.7709665189375445,0.2,"[3, 4, 7, 8, 15, 20, 34, 38, 41, 51, 55, 65, 70, 73, 74, 77, 93, 94, 95, 98, 99, 108, 109, 111, 121, 129, 130, 137, 141, 154, 155, 156, 157, 172, 176, 177, 186, 190, 191, 201, 211, 214, 218, 219, 225, 226]",False
quality_coverage_sample,38,1.6036472202719527,304.3389953444086,151.2084999195909,1073.8618145755688,0.036454451115194526,0.1415655213251906,1.0,0.0,0.0,0.0,0.0,False,1.6036472202719527,0.2,"[4, 7, 10, 11, 25, 34, 38, 41, 42, 50, 53, 55, 60, 66, 68, 79, 81, 83, 84, 110, 113, 118, 119, 120, 122, 123, 130, 138, 143, 145, 148, 150, 160, 163, 165, 174, 178, 183, 188, 189, 197, 205, 209, 218, 222, 226]",False
quality_coverage_sample,39,1.9078260519483323,308.022185941265,148.04614122977972,1105.8098357708473,0.036826241260194605,0.5731897640796605,1.0,0.0,0.0,0.0,0.0,False,1.9078260519483323,0.2,"[10, 15, 17, 26, 37, 47, 50, 61, 65, 66, 69, 77, 82, 84, 89, 90, 93, 98, 101, 115, 116, 118, 123, 125, 126, 133, 141, 143, 149, 150, 151, 171, 178, 179, 184, 185, 190, 203, 207, 211, 212, 214, 218, 220, 222, 225]",False
quality_coverage_sample,40,1.8986767598006395,289.7950326383901,145.66715373106723,809.1795375917287,0.03389482765313668,0.5602070845380783,1.0,0.0,0.0,0.0,0.0,False,1.8986767598006395,0.2,"[2, 5, 19, 20, 25, 28, 31, 43, 54, 64, 73, 74, 75, 85, 100, 111, 120, 121, 123, 126, 127, 128, 129, 131, 132, 139, 140, 144, 145, 147, 149, 152, 165, 166, 170, 173, 175, 177, 186, 188, 197, 198, 211, 215, 217, 227]",False
quality_coverage_sample,41,2.136611007900562,308.163770895384,157.6795591372234,1162.699211289419,0.03775355951160453,0.897831465220641,1.0,0.0,0.0,0.0,0.0,False,2.136611007900562,0.2,"[1, 3, 4, 6, 7, 8, 13, 28, 38, 42, 45, 46, 49, 58, 61, 70, 71, 73, 92, 93, 96, 100, 104, 118, 120, 122, 127, 134, 135, 136, 141, 145, 150, 153, 171, 177, 178, 180, 188, 190, 193, 196, 202, 207, 213, 219]",False
quality_coverage_sample,42,1.5594119650815423,304.0919326051438,148.69463365740972,995.5747035759549,0.03822749461223565,0.07879649686879794,1.0,0.0,0.0,0.0,0.0,False,1.5594119650815423,0.2,"[2, 3, 5, 6, 7, 9, 14, 33, 36, 38, 44, 48, 50, 51, 56, 68, 69, 71, 79, 85, 104, 107, 113, 114, 120, 121, 124, 125, 136, 142, 147, 148, 154, 164, 168, 175, 179, 180, 185, 186, 203, 208, 209, 211, 218, 221]",False
quality_coverage_sample,43,1.7408651772660715,298.1031411467017,142.4645178375926,721.6504266723988,0.037012819490601166,0.33627531244870307,1.0,0.0,0.0,0.0,0.0,False,1.7408651772660715,0.2,"[8, 11, 15, 16, 19, 22, 25, 31, 33, 34, 36, 39, 51, 56, 58, 69, 71, 75, 81, 87, 88, 90, 97, 103, 110, 114, 115, 120, 125, 126, 129, 138, 156, 171, 172, 176, 182, 190, 195, 196, 203, 204, 213, 216, 221, 225]",False
quality_coverage_sample,44,1.8153073894500629,303.81916719019097,153.70892543342887,936.2664586811893,0.03706124467092227,0.44190746076685944,1.0,0.0,0.0,0.0,0.0,False,1.8153073894500629,0.2,"[0, 2, 6, 7, 9, 13, 19, 34, 35, 41, 43, 50, 51, 52, 58, 69, 73, 77, 78, 90, 94, 109, 110, 113, 115, 117, 128, 132, 133, 135, 147, 154, 160, 163, 172, 176, 187, 188, 191, 196, 198, 203, 204, 205, 214, 219]",False
quality_coverage_sample,45,1.721846560508355,301.2183488978129,145.8024668361079,922.4350765608984,0.03526950524139304,0.3092882403666445,1.0,0.0,0.0,0.0,0.0,False,1.721846560508355,0.2,"[0, 1, 6, 11, 12, 13, 18, 27, 29, 36, 39, 46, 50, 54, 56, 57, 59, 73, 80, 92, 94, 96, 99, 104, 107, 113, 115, 117, 118, 123, 134, 139, 141, 148, 150, 168, 169, 170, 175, 177, 185, 186, 195, 199, 216, 224]",False
quality_coverage_sample,46,1.6947271825873507,289.7277612975432,131.59155762088736,786.3010893949246,0.035484395009399324,0.2708063351840401,1.0,0.0,0.0,0.0,0.0,False,1.6947271825873507,0.2,"[1, 2, 3, 6, 17, 18, 21, 26, 30, 33, 34, 44, 62, 65, 66, 72, 83, 85, 94, 100, 101, 102, 103, 109, 112, 116, 117, 123, 128, 135, 145, 156, 162, 165, 169, 175, 177, 183, 189, 198, 208, 220, 222, 223, 226, 227]",False
quality_coverage_sample,47,1.7697113155670379,305.94712058493093,150.20760839245634,841.0984460035615,0.0385504241789018,0.37720745927801236,1.0,0.0,0.0,0.0,0.0,False,1.7697113155670379,0.2,"[0, 1, 4, 6, 32, 36, 39, 46, 49, 59, 71, 74, 81, 84, 94, 97, 102, 105, 111, 117, 121, 128, 129, 131, 132, 133, 146, 147, 154, 158, 176, 177, 178, 179, 181, 195, 199, 203, 206, 211, 212, 216, 217, 218, 220, 226]",False
quality_coverage_sample,48,1.695917589433257,292.3080739710513,157.9749822801902,821.060230199185,0.03354243647750511,0.2724955008981773,1.0,0.0,0.0,0.0,0.0,False,1.695917589433257,0.2,"[3, 7, 12, 19, 24, 32, 36, 42, 45, 59, 62, 65, 67, 71, 79, 85, 89, 93, 96, 103, 104, 108, 113, 116, 117, 119, 121, 123, 127, 131, 135, 138, 142, 149, 156, 161, 166, 171, 183, 184, 190, 194, 204, 211, 213, 217]",False
quality_coverage_sample,49,1.7236057879066162,300.8754813765032,149.24973207446797,809.5251913792928,0.038433188657846465,0.3117845521231945,1.0,0.0,0.0,0.0,0.0,False,1.7236057879066162,0.2,"[0, 4, 6, 8, 13, 14, 15, 17, 27, 28, 30, 34, 49, 55, 63, 64, 68, 82, 83, 84, 92, 94, 95, 111, 125, 126, 127, 140, 142, 143, 148, 153, 155, 160, 163, 173, 180, 182, 194, 203, 205, 211, 213, 222, 225, 226]",False
quality_coverage_sample,50,1.691918883981023,294.4965302607883,146.1883730120414,906.8684109077556,0.03586136726348738,0.2668214104188803,1.0,0.0,0.0,0.0,0.0,False,1.691918883981023,0.2,"[1, 3, 14, 16, 19, 21, 22, 24, 32, 45, 49, 56, 68, 72, 74, 77, 88, 93, 110, 112, 113, 118, 125, 128, 129, 136, 145, 147, 148, 159, 163, 164, 165, 173, 177, 178, 186, 199, 200, 203, 216, 217, 221, 225, 226, 227]",False
quality_coverage_sample,51,2.1146307126903183,305.80779521546344,141.67273072628956,1006.8703168917704,0.036312710152753995,0.8666418251547778,1.0,0.0,0.0,0.0,0.0,False,2.1146307126903183,0.2,"[5, 9, 17, 36, 40, 48, 50, 52, 53, 57, 58, 66, 71, 76, 77, 81, 90, 92, 96, 110, 112, 114, 115, 129, 133, 138, 141, 147, 149, 160, 161, 162, 165, 166, 173, 176, 187, 188, 190, 195, 213, 219, 220, 224, 226, 227]",False
quality_coverage_sample,52,1.7316344992723478,304.8178374082407,152.2635954726524,986.3029049613726,0.03613830173317345,0.32317714786836776,1.0,0.0,0.0,0.0,0.0,False,1.7316344992723478,0.2,"[4, 5, 6, 12, 23, 28, 29, 36, 41, 42, 54, 70, 72, 77, 80, 87, 88, 96, 103, 111, 112, 114, 115, 125, 126, 127, 128, 129, 131, 137, 146, 148, 149, 153, 155, 163, 169, 173, 176, 181, 189, 191, 205, 212, 222, 226]",False
quality_coverage_sample,53,1.666367507249537,295.7613281072229,138.49901864734278,774.9705812945012,0.03533053466084694,0.230564470472463,1.0,0.0,0.0,0.0,0.0,False,1.666367507249537,0.2,"[3, 4, 11, 17, 19, 22, 31, 36, 42, 43, 49, 53, 54, 58, 69, 71, 74, 81, 88, 92, 97, 99, 102, 113, 115, 118, 119, 120, 123, 128, 139, 150, 152, 153, 171, 180, 185, 187, 190, 191, 207, 208, 210, 215, 218, 222]",False
quality_coverage_sample,54,1.7466196794513114,294.4794998714666,144.9946884011602,970.1291628261725,0.036906562981352385,0.34444084663280317,1.0,0.0,0.0,0.0,0.0,False,1.7466196794513114,0.2,"[4, 5, 10, 12, 13, 21, 24, 34, 43, 52, 58, 60, 62, 66, 71, 80, 88, 90, 94, 99, 101, 112, 115, 125, 128, 131, 132, 135, 139, 143, 145, 155, 156, 161, 166, 168, 177, 186, 188, 189, 190, 200, 205, 209, 217, 220]",False
quality_coverage_sample,55,1.7168311249766974,304.1296539281443,140.26281385926387,826.0659181543035,0.038359005175934,0.3021714283534445,1.0,0.0,0.0,0.0,0.0,False,1.7168311249766974,0.2,"[1, 3, 5, 8, 17, 20, 26, 30, 34, 40, 51, 55, 57, 69, 70, 75, 83, 96, 103, 110, 111, 115, 116, 118, 120, 123, 126, 134, 135, 136, 141, 153, 157, 163, 164, 168, 169, 174, 176, 186, 205, 207, 218, 221, 222, 226]",False
quality_coverage_sample,56,1.8417581284243008,291.0323302236282,142.95988005318304,871.030752885537,0.03516992030971263,0.4794405794166084,1.0,0.0,0.0,0.0,0.0,False,1.8417581284243008,0.2,"[19, 21, 25, 32, 33, 36, 39, 51, 55, 58, 62, 64, 76, 79, 87, 92, 94, 98, 104, 111, 112, 115, 121, 122, 129, 132, 139, 146, 147, 148, 151, 161, 162, 166, 170, 183, 197, 198, 205, 206, 209, 210, 216, 225, 226, 227]",False
quality_coverage_sample,57,1.7610360221240602,307.60905742995436,152.73951664175837,1254.479951840906,0.03523757670025698,0.3648973752976062,1.0,0.0,0.0,0.0,0.0,False,1.7610360221240602,0.2,"[1, 12, 21, 27, 31, 45, 50, 53, 54, 56, 67, 68, 72, 74, 77, 80, 82, 94, 101, 104, 110, 112, 113, 114, 119, 121, 123, 126, 128, 132, 136, 150, 152, 158, 159, 162, 167, 179, 192, 195, 197, 200, 201, 205, 207, 227]",False
quality_coverage_sample,58,1.607075507499635,312.33906136139046,142.41810883703477,999.4298387515121,0.03883958761148245,0.14643019869421772,1.0,0.0,0.0,0.0,0.0,False,1.607075507499635,0.2,"[3, 5, 9, 15, 16, 28, 29, 34, 42, 45, 52, 54, 60, 65, 69, 84, 92, 98, 102, 107, 113, 115, 116, 118, 121, 133, 137, 141, 145, 152, 160, 169, 171, 179, 182, 187, 190, 195, 204, 205, 210, 211, 212, 216, 220, 226]",False
quality_coverage_sample,59,1.6708805808053204,300.86889071515975,144.78864483983082,952.4412900071562,0.03878362393639151,0.2369684399573702,1.0,0.0,0.0,0.0,0.0,False,1.6708805808053204,0.2,"[2, 4, 7, 8, 10, 16, 28, 33, 40, 49, 52, 56, 58, 60, 69, 74, 77, 78, 83, 99, 113, 118, 121, 123, 132, 135, 140, 142, 143, 148, 149, 153, 155, 162, 169, 174, 176, 188, 190, 191, 192, 193, 199, 201, 204, 224]",False
quality_coverage_sample,60,1.977265784368271,313.5509033050965,152.63502870133107,937.8532087848221,0.03652101464702965,0.6717234843837631,1.0,0.0,0.0,0.0,0.0,False,1.977265784368271,0.2,"[4, 6, 7, 11, 14, 15, 17, 29, 35, 39, 42, 57, 61, 71, 72, 74, 80, 82, 87, 89, 96, 100, 101, 102, 113, 114, 115, 116, 121, 126, 137, 149, 150, 153, 155, 156, 157, 169, 175, 182, 198, 210, 212, 219, 220, 226]",False
quality_coverage_sample,61,1.6767376107901752,302.4765177875619,148.87678822328525,924.9432184961121,0.03562992849216978,0.24527945922873357,1.0,0.0,0.0,0.0,0.0,False,1.6767376107901752,0.2,"[6, 10, 13, 15, 21, 35, 37, 38, 39, 48, 52, 58, 60, 73, 81, 82, 90, 92, 96, 111, 115, 118, 132, 133, 134, 137, 141, 142, 148, 153, 162, 164, 166, 167, 175, 177, 179, 185, 191, 194, 198, 202, 204, 211, 216, 222]",False
quality_coverage_sample,62,1.503881658894879,295.19993839751453,144.35387661181346,799.2363312845116,0.03389484316843336,0.0,1.0,0.0,0.0,0.0,0.0,True,1.503881658894879,0.2,"[2, 4, 6, 9, 11, 16, 17, 18, 36, 40, 48, 57, 58, 60, 69, 71, 83, 92, 93, 96, 104, 109, 111, 115, 118, 125, 126, 129, 134, 136, 143, 166, 171, 173, 174, 175, 180, 182, 183, 184, 190, 197, 204, 211, 216, 224]",True
quality_coverage_sample,63,1.6595315743899302,293.0151387841858,138.26215058727115,742.2974501042789,0.03740249489383829,0.2208644057842426,1.0,0.0,0.0,0.0,0.0,False,1.6595315743899302,0.2,"[1, 3, 4, 10, 11, 17, 19, 23, 26, 31, 32, 39, 49, 51, 69, 73, 78, 81, 92, 96, 100, 106, 114, 115, 117, 121, 124, 135, 138, 143, 144, 148, 158, 160, 161, 163, 165, 183, 189, 191, 195, 200, 216, 218, 221, 222]",False
quality_coverage_sample,64,1.6802164529726678,297.4748981844855,148.23204570374855,862.8253918465223,0.03651259275005561,0.25021587316130517,1.0,0.0,0.0,0.0,0.0,False,1.6802164529726678,0.2,"[2, 8, 11, 12, 19, 28, 29, 39, 42, 43, 45, 55, 68, 74, 77, 80, 84, 100, 104, 105, 113, 120, 126, 128, 129, 139, 142, 143, 148, 156, 158, 164, 167, 172, 173, 181, 186, 194, 206, 208, 209, 211, 215, 217, 219, 224]",False
quality_coverage_sample,65,1.6472413214539001,309.80885649820453,161.67187637224015,937.0715653456065,0.034949706855536236,0.20342475987746006,1.0,0.0,0.0,0.0,0.0,False,1.6472413214539001,0.2,"[1, 10, 17, 18, 30, 42, 50, 52, 65, 71, 82, 84, 85, 98, 99, 102, 104, 111, 112, 121, 126, 131, 138, 141, 146, 147, 148, 152, 155, 160, 162, 174, 176, 183, 188, 191, 192, 196, 201, 207, 209, 211, 212, 217, 219, 221]",False
quality_coverage_sample,66,1.8257235039652742,291.65853504605195,129.4345924278725,795.9878650910102,0.03765322790627185,0.4566877382611695,1.0,0.0,0.0,0.0,0.0,False,1.8257235039652742,0.2,"[2, 6, 14, 23, 26, 31, 36, 38, 39, 48, 49, 52, 60, 63, 65, 66, 69, 75, 77, 92, 96, 105, 107, 112, 118, 123, 125, 127, 128, 140, 141, 143, 149, 156, 160, 162, 175, 178, 185, 190, 194, 195, 204, 210, 218, 220]",False
quality_coverage_sample,67,1.7092317821275074,299.45333295809445,142.35467022037838,824.3032301083794,0.03731687275945541,0.29138809874225396,1.0,0.0,0.0,0.0,0.0,False,1.7092317821275074,0.2,"[3, 15, 16, 23, 24, 26, 30, 34, 35, 37, 40, 63, 64, 65, 69, 71, 91, 92, 96, 99, 103, 113, 114, 115, 121, 122, 135, 137, 140, 148, 150, 158, 163, 173, 174, 183, 184, 188, 198, 202, 204, 208, 209, 210, 216, 221]",False
quality_coverage_sample,68,1.7585121880696788,301.26671482436734,149.20743399761653,836.6102459008022,0.03799896204992568,0.36131610056998387,1.0,0.0,0.0,0.0,0.0,False,1.7585121880696788,0.2,"[0, 2, 4, 21, 24, 33, 36, 37, 38, 39, 45, 51, 56, 58, 59, 66, 70, 73, 85, 89, 90, 105, 107, 113, 114, 115, 117, 127, 133, 137, 141, 143, 153, 159, 163, 176, 178, 183, 184, 186, 188, 197, 201, 211, 216, 227]",False
quality_coverage_sample,69,1.6850417517386242,298.77059348028854,143.27251406526403,914.2007915522804,0.03842934280368424,0.25706288455405024,1.0,0.0,0.0,0.0,0.0,False,1.6850417517386242,0.2,"[0, 1, 6, 13, 19, 20, 22, 26, 43, 50, 53, 54, 56, 60, 63, 82, 83, 84, 95, 96, 101, 109, 112, 117, 123, 127, 136, 145, 147, 148, 152, 160, 167, 170, 172, 180, 186, 191, 192, 197, 201, 203, 209, 213, 222, 226]",False
quality_coverage_sample,70,1.6585611714165955,298.6205624219812,137.19990243993843,1000.2609197336631,0.03596188214326198,0.21948742157326417,1.0,0.0,0.0,0.0,0.0,False,1.6585611714165955,0.2,"[5, 11, 13, 20, 22, 23, 39, 45, 51, 53, 60, 68, 69, 81, 88, 92, 93, 102, 109, 117, 120, 126, 127, 128, 129, 135, 136, 140, 141, 143, 145, 152, 157, 161, 162, 175, 179, 188, 200, 207, 208, 209, 211, 212, 218, 219]",False
quality_coverage_sample,71,1.5857599255053931,293.38247784442314,140.55463500834657,819.0609080332305,0.035288567722764994,0.11618377462048786,1.0,0.0,0.0,0.0,0.0,False,1.5857599255053931,0.2,"[2, 3, 9, 13, 32, 33, 36, 38, 44, 55, 64, 66, 72, 85, 87, 91, 94, 99, 104, 107, 115, 116, 121, 124, 127, 137, 139, 145, 147, 148, 150, 154, 156, 174, 178, 182, 186, 189, 190, 191, 196, 201, 206, 212, 217, 220]",False
quality_coverage_sample,72,1.739759392354751,302.0300342673977,146.0807557766409,839.2588310163727,0.03466389569674248,0.3347062237242588,1.0,0.0,0.0,0.0,0.0,False,1.739759392354751,0.2,"[2, 5, 7, 14, 17, 26, 28, 31, 39, 40, 45, 52, 53, 54, 57, 68, 77, 87, 98, 102, 106, 109, 116, 117, 118, 126, 138, 139, 141, 147, 152, 153, 158, 161, 165, 176, 189, 198, 205, 206, 207, 209, 219, 221, 223, 226]",False
quality_coverage_sample,73,1.9712875330873385,291.19153247808947,141.76692016927075,753.8375425547216,0.03428897146181495,0.6632404542928535,1.0,0.0,0.0,0.0,0.0,False,1.9712875330873385,0.2,"[2, 7, 9, 19, 25, 26, 36, 45, 53, 58, 64, 81, 82, 91, 94, 96, 113, 114, 119, 120, 123, 132, 139, 146, 148, 155, 158, 164, 166, 167, 171, 173, 182, 183, 187, 192, 194, 200, 201, 205, 210, 211, 213, 221, 222, 227]",False
quality_coverage_sample,74,2.1019946306321433,305.9647366575148,148.25852452726573,984.1307317551059,0.0360389146215256,0.8487114539988199,1.0,0.0,0.0,0.0,0.0,False,2.1019946306321433,0.2,"[0, 2, 9, 10, 27, 36, 42, 48, 52, 58, 60, 70, 77, 78, 79, 90, 92, 100, 105, 109, 112, 113, 120, 125, 128, 144, 145, 147, 149, 150, 154, 156, 157, 160, 161, 163, 167, 179, 185, 203, 206, 208, 209, 214, 218, 223]",False
quality_coverage_sample,75,1.746835416226507,293.8577254039219,149.29652131253522,1011.1759152383688,0.0372002161529071,0.3447469732022127,1.0,0.0,0.0,0.0,0.0,False,1.746835416226507,0.2,"[1, 4, 6, 20, 28, 33, 42, 47, 50, 55, 56, 57, 64, 67, 79, 81, 84, 99, 108, 109, 111, 115, 117, 118, 119, 120, 128, 129, 131, 135, 143, 144, 149, 152, 159, 178, 179, 187, 191, 196, 205, 208, 210, 212, 221, 224]",False
quality_coverage_sample,76,1.8954816627689834,301.94883944986225,164.50867228528108,1065.618976894776,0.037239174093141,0.5556732998259231,1.0,0.0,0.0,0.0,0.0,False,1.8954816627689834,0.2,"[0, 6, 7, 9, 11, 12, 19, 25, 35, 37, 39, 43, 44, 45, 46, 54, 58, 59, 61, 71, 82, 89, 92, 104, 109, 116, 118, 119, 125, 133, 134, 135, 143, 149, 164, 165, 168, 172, 173, 176, 179, 186, 199, 207, 222, 226]",False
quality_coverage_sample,77,1.6598125455542703,289.1902482587109,148.85360310762078,863.2817934610762,0.03576132560026123,0.22126309876815534,1.0,0.0,0.0,0.0,0.0,False,1.6598125455542703,0.2,"[2, 7, 14, 18, 20, 21, 36, 40, 53, 54, 64, 65, 67, 77, 80, 84, 87, 88, 89, 92, 101, 105, 114, 119, 122, 123, 125, 134, 143, 144, 155, 157, 162, 163, 172, 180, 181, 185, 194, 207, 209, 216, 217, 221, 224, 225]",False
quality_coverage_sample,78,1.7599606332609314,305.05075552554604,145.97908001206446,1005.0602715484927,0.03545365047934044,0.36337141801400286,1.0,0.0,0.0,0.0,0.0,False,1.7599606332609314,0.2,"[2, 3, 5, 6, 7, 10, 16, 26, 28, 30, 41, 45, 51, 59, 61, 66, 68, 70, 79, 83, 85, 97, 109, 117, 120, 124, 127, 131, 133, 141, 142, 161, 162, 165, 168, 178, 186, 189, 190, 191, 193, 206, 207, 216, 218, 220]",False
quality_coverage_sample,79,1.6967144874252071,301.0454409113913,151.15841326822198,944.5010720690319,0.03599627082862637,0.2736262846888587,1.0,0.0,0.0,0.0,0.0,False,1.6967144874252071,0.2,"[2, 13, 15, 18, 23, 39, 40, 46, 53, 60, 65, 69, 82, 85, 87, 90, 101, 106, 112, 114, 122, 126, 127, 135, 143, 146, 149, 150, 154, 155, 157, 163, 171, 178, 183, 185, 186, 189, 192, 195, 208, 213, 215, 219, 221, 226]",False
quality_coverage_sample,80,1.7747231995634967,296.69864174158533,144.2442934696636,1043.6629196297092,0.03367005173203308,0.3843192317272086,1.0,0.0,0.0,0.0,0.0,False,1.7747231995634967,0.2,"[0, 8, 11, 12, 28, 31, 32, 40, 41, 49, 55, 63, 65, 77, 78, 83, 98, 106, 113, 118, 123, 126, 138, 140, 141, 145, 148, 156, 161, 162, 167, 174, 175, 178, 193, 194, 198, 202, 203, 204, 205, 208, 209, 215, 220, 222]",False
quality_coverage_sample,81,1.9205802201942812,299.1957191811725,148.37668231825327,940.8294872858278,0.03659506237009624,0.5912876973933687,1.0,0.0,0.0,0.0,0.0,False,1.9205802201942812,0.2,"[5, 6, 9, 11, 23, 32, 47, 49, 53, 61, 63, 66, 68, 69, 80, 87, 88, 90, 112, 122, 123, 126, 128, 130, 131, 135, 141, 143, 146, 160, 161, 173, 175, 176, 177, 178, 180, 181, 185, 192, 194, 203, 204, 207, 216, 219]",False
quality_coverage_sample,82,1.7098057449437771,325.58467738653746,180.61522177650915,1373.5409810199803,0.037708615575973894,0.29220254156385445,1.0,0.0,0.0,0.0,0.0,False,1.7098057449437771,0.2,"[0, 7, 12, 14, 21, 25, 29, 36, 42, 45, 51, 55, 58, 61, 69, 70, 74, 77, 84, 95, 98, 100, 102, 108, 121, 132, 133, 138, 143, 147, 153, 155, 160, 161, 171, 172, 174, 176, 185, 192, 194, 203, 207, 213, 221, 222]",False
quality_coverage_sample,83,1.773494144738017,299.3193195170744,169.61058731543778,942.7606780203815,0.03716531352334048,0.38257522523133325,1.0,0.0,0.0,0.0,0.0,False,1.773494144738017,0.2,"[1, 2, 3, 5, 8, 19, 24, 29, 39, 40, 42, 43, 45, 51, 58, 64, 70, 76, 79, 83, 84, 98, 108, 111, 112, 114, 115, 122, 126, 129, 132, 135, 136, 137, 146, 163, 165, 178, 180, 186, 192, 193, 205, 214, 222, 223]",False
quality_coverage_sample,84,1.7802837050144413,295.67425628717973,151.44074730437373,987.3565461434027,0.03710715734288877,0.3922094880654588,1.0,0.0,0.0,0.0,0.0,False,1.7802837050144413,0.2,"[7, 16, 19, 20, 21, 25, 36, 37, 41, 43, 52, 65, 69, 77, 78, 84, 90, 100, 101, 103, 106, 109, 111, 116, 118, 119, 122, 128, 130, 132, 145, 147, 150, 164, 167, 170, 172, 179, 187, 189, 192, 202, 212, 221, 222, 227]",False
quality_coverage_sample,85,1.746872741190108,309.1286031108277,155.9159894916646,1006.9998610266546,0.037732629376395856,0.3447999366482925,1.0,0.0,0.0,0.0,0.0,False,1.746872741190108,0.2,"[1, 3, 6, 7, 8, 20, 28, 31, 43, 52, 53, 60, 63, 65, 75, 81, 83, 84, 96, 98, 99, 104, 116, 121, 123, 126, 128, 129, 133, 135, 141, 145, 148, 159, 160, 166, 178, 186, 188, 191, 192, 194, 196, 197, 206, 207]",False
quality_coverage_sample,86,1.7577669374938407,301.0457149333043,160.14763099883947,930.3258842568333,0.035669990927585424,0.3602586035256114,1.0,0.0,0.0,0.0,0.0,False,1.7577669374938407,0.2,"[0, 3, 5, 30, 36, 37, 45, 50, 56, 58, 61, 63, 78, 89, 94, 99, 101, 104, 108, 116, 118, 121, 123, 128, 130, 131, 132, 135, 137, 142, 150, 152, 157, 158, 161, 167, 176, 179, 185, 195, 199, 207, 215, 221, 222, 223]",False
quality_coverage_sample,87,1.673837127698959,304.78750230260437,148.52138152383972,1176.5203003299232,0.03709613178519221,0.24116372635222527,1.0,0.0,0.0,0.0,0.0,False,1.673837127698959,0.2,"[7, 10, 11, 17, 20, 38, 46, 48, 49, 51, 57, 59, 61, 63, 78, 81, 85, 92, 94, 99, 102, 105, 110, 113, 114, 121, 123, 125, 128, 129, 131, 135, 148, 155, 157, 164, 173, 178, 180, 186, 192, 197, 200, 201, 203, 216]",False
quality_coverage_sample,88,1.782913745894334,296.35704842012524,138.19290689661437,948.0792973219229,0.0359975159311842,0.39594146835133465,1.0,0.0,0.0,0.0,0.0,False,1.782913745894334,0.2,"[0, 12, 15, 18, 28, 33, 34, 47, 49, 51, 55, 62, 68, 75, 78, 79, 90, 95, 99, 106, 112, 113, 116, 123, 126, 131, 135, 136, 143, 146, 157, 166, 167, 173, 175, 182, 186, 191, 192, 197, 198, 200, 209, 216, 218, 220]",False
quality_coverage_sample,89,1.631957339326646,298.08644726348837,160.30527412522645,1001.8580290236783,0.0349803350208701,0.1817370665702299,1.0,0.0,0.0,0.0,0.0,False,1.631957339326646,0.2,"[4, 7, 10, 20, 21, 24, 43, 44, 56, 57, 65, 66, 71, 72, 77, 80, 98, 102, 105, 107, 108, 112, 113, 115, 119, 120, 125, 129, 135, 137, 141, 143, 149, 159, 164, 176, 179, 184, 186, 193, 194, 195, 207, 211, 214, 221]",False
quality_coverage_sample,90,1.7116392025140137,295.2749434514918,139.84304042908744,829.9112172019435,0.03449149650808079,0.2948041845875141,1.0,0.0,0.0,0.0,0.0,False,1.7116392025140137,0.2,"[1, 11, 19, 31, 36, 45, 46, 51, 53, 54, 65, 67, 71, 74, 78, 90, 91, 94, 96, 99, 107, 117, 119, 126, 128, 129, 140, 141, 145, 150, 152, 158, 162, 170, 173, 179, 189, 195, 196, 209, 213, 215, 216, 221, 226, 227]",False
quality_coverage_sample,91,1.7564286862978653,300.2676939913614,147.52147673397818,854.6619821225804,0.03772384480936216,0.3583596493613956,1.0,0.0,0.0,0.0,0.0,False,1.7564286862978653,0.2,"[0, 12, 15, 20, 21, 34, 36, 48, 60, 65, 68, 78, 84, 89, 102, 106, 113, 116, 118, 121, 123, 124, 125, 129, 131, 135, 136, 140, 141, 142, 144, 154, 158, 163, 164, 167, 189, 191, 199, 201, 205, 210, 212, 218, 223, 227]",False
quality_coverage_sample,92,1.9104825808019728,307.3943720147721,156.79593344327162,998.4224729168473,0.03872562387861254,0.5769593303196541,1.0,0.0,0.0,0.0,0.0,False,1.9104825808019728,0.2,"[2, 5, 6, 10, 17, 20, 50, 51, 65, 69, 70, 71, 75, 77, 92, 94, 97, 98, 100, 104, 105, 112, 122, 124, 125, 128, 129, 132, 135, 136, 137, 140, 141, 148, 151, 154, 161, 171, 174, 180, 183, 205, 208, 210, 216, 219]",False
quality_coverage_sample,93,1.9256594348192677,293.07579949292403,147.32773205319103,936.6669123625023,0.033371791487073234,0.5984950107827162,1.0,0.0,0.0,0.0,0.0,False,1.9256594348192677,0.2,"[12, 15, 16, 18, 25, 28, 32, 35, 45, 48, 49, 50, 52, 58, 62, 77, 82, 87, 89, 105, 106, 107, 108, 113, 117, 119, 120, 125, 131, 132, 136, 138, 142, 148, 169, 170, 174, 175, 179, 184, 185, 195, 202, 213, 222, 226]",False
quality_coverage_sample,94,1.767149564724904,290.3608212336745,156.65488235947936,932.4398309714815,0.03541211699985922,0.37357238131657805,1.0,0.0,0.0,0.0,0.0,False,1.767149564724904,0.2,"[6, 7, 11, 20, 25, 28, 38, 41, 42, 45, 62, 72, 73, 79, 87, 89, 92, 99, 101, 102, 103, 109, 113, 114, 119, 123, 124, 125, 132, 133, 138, 142, 152, 156, 160, 161, 163, 174, 188, 190, 191, 198, 201, 204, 216, 221]",False
quality_coverage_sample,95,1.8166093542433153,314.30310878421744,156.5892265748161,1121.1996732807754,0.03540312394602651,0.4437549251840363,1.0,0.0,0.0,0.0,0.0,False,1.8166093542433153,0.2,"[0, 8, 18, 28, 36, 40, 46, 55, 56, 59, 66, 69, 74, 77, 78, 79, 82, 94, 99, 102, 106, 114, 115, 117, 121, 138, 140, 141, 144, 148, 150, 153, 155, 156, 161, 165, 179, 182, 187, 190, 193, 206, 207, 208, 212, 216]",False
quality_coverage_sample,96,2.0316142924994995,303.15270722288165,154.81059617064608,955.3327124310946,0.037582326879311255,0.7488430312558942,1.0,0.0,0.0,0.0,0.0,False,2.0316142924994995,0.2,"[2, 7, 10, 23, 31, 32, 37, 39, 41, 45, 54, 61, 62, 68, 74, 75, 83, 94, 96, 103, 109, 115, 116, 117, 118, 126, 128, 129, 131, 132, 143, 144, 147, 148, 152, 159, 165, 166, 174, 185, 191, 192, 203, 219, 221, 226]",False
quality_coverage_sample,97,1.8342933148434644,309.0511438367867,151.82776375781174,1159.4067448369879,0.03495929530887869,0.4688481443961474,1.0,0.0,0.0,0.0,0.0,False,1.8342933148434644,0.2,"[0, 12, 20, 31, 38, 40, 45, 48, 49, 50, 53, 56, 59, 69, 74, 77, 78, 80, 81, 82, 109, 110, 115, 116, 119, 128, 135, 136, 145, 148, 150, 155, 162, 167, 171, 175, 178, 182, 183, 184, 187, 190, 191, 203, 207, 214]",False
quality_coverage_sample,98,1.674127685928845,313.71346039691747,155.5321266347919,898.0639397375023,0.038139729427500144,0.2415760232081881,1.0,0.0,0.0,0.0,0.0,False,1.674127685928845,0.2,"[2, 4, 7, 9, 10, 13, 19, 29, 37, 39, 44, 49, 57, 58, 59, 66, 70, 73, 81, 83, 90, 95, 105, 110, 112, 115, 122, 125, 132, 134, 135, 140, 143, 147, 155, 159, 160, 162, 165, 167, 175, 182, 183, 198, 207, 222]",False
quality_coverage_sample,99,1.6908438928905312,303.4343910497156,155.26359956883624,1105.6096563614979,0.034856826471429625,0.26529601756743093,1.0,0.0,0.0,0.0,0.0,False,1.6908438928905312,0.2,"[1, 2, 23, 30, 34, 37, 38, 49, 54, 61, 62, 63, 75, 96, 103, 104, 106, 110, 111, 114, 116, 117, 123, 124, 128, 135, 139, 147, 154, 156, 166, 171, 175, 177, 179, 186, 192, 196, 197, 204, 205, 209, 212, 217, 219, 221]",False
degree,0,1.9442593236655785,345.52830860088835,160.25295956407146,1652.5023737186611,0.14001145680536756,0.6248879155564037,1.0,0.0,0.0,0.0,0.0,False,1.9442593236655785,0.2,"[18, 22, 24, 25, 26, 33, 41, 47, 48, 52, 54, 57, 58, 59, 60, 61, 63, 64, 65, 66, 67, 68, 69, 72, 77, 81, 83, 84, 85, 87, 90, 92, 95, 96, 99, 100, 102, 104, 107, 141, 142, 143, 145, 146, 148, 215]",False
top_variance,0,1.6241105577584194,365.34597494398486,178.4729537491104,1514.6376830720258,0.060086035112792015,0.1706026259065585,1.0,0.0,0.0,0.0,0.0,False,1.6241105577584194,0.2,"[0, 1, 5, 6, 7, 11, 15, 30, 34, 36, 39, 52, 55, 58, 59, 60, 71, 75, 82, 84, 85, 106, 112, 113, 114, 117, 118, 121, 122, 125, 126, 129, 136, 141, 147, 150, 159, 180, 185, 190, 198, 199, 205, 209, 216, 222]",False
coverage,0,1.6608396977214233,304.99176202041605,142.6528982707108,1283.125553476915,0.03863080990065835,0.22272060905543495,1.0,0.0,0.0,0.0,0.0,False,1.6608396977214233,0.2,"[1, 2, 3, 5, 8, 13, 21, 29, 40, 42, 56, 58, 61, 63, 66, 70, 87, 92, 93, 96, 104, 109, 111, 114, 123, 125, 130, 135, 137, 141, 148, 149, 156, 166, 167, 171, 194, 196, 199, 200, 211, 218, 224, 225, 226, 227]",False
greedy_a_trace,0,1.6937831905509315,252.78471560767522,127.93720059302237,827.4429067049239,0.03548423306849033,0.26946682761331225,1.0,0.0,0.0,0.0,0.0,False,1.6937831905509315,0.2,"[11, 13, 20, 21, 22, 31, 41, 42, 43, 44, 45, 48, 54, 55, 57, 64, 65, 67, 75, 76, 95, 100, 103, 111, 112, 124, 139, 144, 146, 157, 164, 179, 186, 188, 190, 193, 194, 199, 201, 202, 204, 208, 214, 217, 224, 226]",False
greedy_d_logdet,0,2.049730728816465,285.7083645759104,130.15655740475833,2495.738821564474,0.04889478083572897,0.7745499256627968,1.0,0.0,0.0,0.0,0.0,False,2.049730728816465,0.2,"[1, 9, 13, 16, 20, 21, 22, 23, 25, 38, 42, 47, 49, 54, 57, 63, 64, 67, 86, 89, 105, 108, 111, 114, 123, 130, 135, 138, 142, 143, 144, 154, 179, 181, 182, 188, 193, 201, 204, 215, 218, 220, 224, 225, 226, 227]",False
robust_coverage_cvar,0,1.7775258438481418,298.003453056908,98.9767982826777,1813.7505428719653,0.03435053906812211,0.3882961331125,1.0,0.0,0.0,0.0,0.0,False,1.7775258438481418,0.2,"[11, 21, 22, 30, 33, 44, 48, 49, 54, 59, 64, 66, 67, 71, 73, 75, 76, 86, 87, 105, 119, 120, 126, 128, 139, 140, 145, 148, 157, 158, 163, 167, 168, 169, 182, 190, 196, 200, 201, 208, 211, 215, 218, 220, 224, 226]",False
observability_proxy,0,1.9750809588187845,323.406824960629,138.67938259812132,1179.8674565198696,0.09434733310358284,0.6686232565731999,1.0,0.0,0.0,0.0,0.0,False,1.9750809588187845,0.2,"[10, 12, 18, 22, 26, 33, 34, 48, 51, 53, 54, 57, 58, 61, 63, 64, 65, 66, 67, 68, 69, 77, 81, 83, 84, 85, 87, 92, 95, 96, 99, 100, 104, 107, 129, 141, 142, 143, 145, 146, 148, 168, 215, 217, 218, 220]",False
graph_sampling_laplacian,0,1.8905460734058455,361.89203402162394,189.9766055760545,2601.7514843157023,0.12752723721967005,0.5486697880770255,1.0,0.0,0.0,0.0,0.0,False,1.8905460734058455,0.2,"[13, 16, 17, 19, 27, 38, 40, 43, 44, 45, 110, 111, 112, 113, 114, 116, 117, 118, 119, 121, 122, 124, 125, 126, 128, 131, 134, 135, 137, 138, 140, 156, 159, 160, 161, 176, 180, 190, 191, 192, 198, 199, 209, 211, 213, 226]",False
qr_pod_modes,0,1.758454154410067,263.6475437773701,132.01725248680674,1773.0013468841526,0.0392139755989688,0.3612337518600286,1.0,0.0,0.0,0.0,0.0,False,1.758454154410067,0.2,"[6, 13, 16, 21, 22, 23, 25, 33, 42, 43, 46, 54, 57, 67, 82, 85, 86, 87, 89, 105, 108, 111, 114, 123, 130, 135, 138, 142, 143, 144, 159, 161, 167, 174, 179, 181, 193, 194, 195, 201, 204, 218, 222, 224, 226, 227]",False
scenario_average_a_trace,0,1.6934172399234813,292.53286056369166,97.83378840953674,1531.9146289322157,0.042019387542352495,0.268947550313218,1.0,0.0,0.0,0.0,0.0,False,1.6934172399234813,0.2,"[5, 7, 21, 22, 24, 33, 36, 39, 44, 48, 49, 54, 59, 64, 66, 67, 71, 75, 76, 86, 94, 100, 105, 119, 120, 139, 140, 148, 157, 158, 168, 169, 170, 182, 189, 195, 196, 200, 201, 205, 211, 215, 218, 220, 224, 226]",False
swap_from_greedy_a_trace,0,1.6945666145278437,249.30639316256526,128.6137373251994,854.5465569043888,0.03523051142203558,0.27057849202114387,1.0,0.0,0.0,0.0,0.0,False,1.6945666145278437,0.2,"[2, 11, 13, 16, 21, 22, 41, 42, 43, 44, 46, 47, 54, 55, 57, 64, 65, 67, 76, 86, 88, 95, 108, 111, 118, 130, 142, 143, 144, 155, 157, 174, 179, 188, 190, 193, 194, 199, 201, 202, 204, 208, 214, 222, 224, 226]",False
swap_from_scenario_average,0,1.660979192744742,252.41486419917698,123.28774714710848,905.6860558428216,0.037243775348309874,0.2229185499623551,1.0,0.0,0.0,0.0,0.0,False,1.660979192744742,0.2,"[5, 7, 16, 21, 22, 24, 42, 43, 44, 46, 48, 49, 54, 59, 64, 67, 76, 86, 88, 94, 99, 100, 105, 108, 111, 118, 139, 144, 146, 157, 158, 159, 170, 173, 179, 182, 188, 191, 194, 195, 201, 205, 214, 222, 224, 226]",False
swap_from_best_random_trace,0,1.7091314295973148,252.6225684005317,129.90428457371115,753.0355052712525,0.03547071536626605,0.29124570032283026,1.0,0.0,0.0,0.0,0.0,False,1.7091314295973148,0.2,"[2, 11, 16, 21, 22, 41, 42, 43, 44, 46, 47, 54, 57, 64, 67, 73, 74, 76, 85, 88, 89, 98, 100, 108, 111, 118, 130, 135, 142, 144, 152, 157, 162, 176, 178, 185, 190, 193, 200, 201, 206, 208, 214, 217, 224, 226]",False
validation_swap,1,1.487877123022902,295.9074108890037,143.95559778844648,884.4872048505412,0.034872623952558454,0.0,1.0,0.0,0.0,0.0,0.0,,,0.2,"[2, 4, 6, 9, 11, 16, 17, 18, 36, 40, 48, 57, 58, 60, 69, 71, 83, 92, 93, 96, 104, 109, 111, 115, 118, 125, 126, 129, 134, 136, 143, 166, 171, 173, 174, 175, 180, 182, 183, 184, 190, 201, 204, 211, 216, 224]",False
